source_file,location,speaker,text,sentiment_score,sentiment_label
农户1.txt,宁夏银川保南村,农户,有接触过。,86.42,Positive
农户1.txt,宁夏银川保南村,农户,我就我自己也做过了的。,6.19,Negative
农户1.txt,宁夏银川保南村,农户,那个ai，就是自动生成那个视频。我现在那个农家乐就用这个ai自动生成视频。,92.88,Positive
农户1.txt,宁夏银川保南村,农户,对，不过我见过他们，他们那个啥，咱们保南村用。他们每次直播都看。,17.38,Negative
农户1.txt,宁夏银川保南村,农户,简单。是，那就比较简便。,97.42,Positive
农户1.txt,宁夏银川保南村,农户,我的话，我那个东西我也不知道是啥用途，而且要收费。,1.2,Negative
农户1.txt,宁夏银川保南村,农户,是咨询过他，现在可能是前期的费用稍微有点高。再加我农家乐规模。,93.36,Positive
农户1.txt,宁夏银川保南村,农户,就是对外销售。,12.31,Negative
农户1.txt,宁夏银川保南村,农户,卖出去了。去年卖五万，卖了。,0.5,Negative
农户1.txt,宁夏银川保南村,农户,卖了3000斤就靠直播卖出去。,0.62,Negative
农户1.txt,宁夏银川保南村,农户,他是那个啥？有同城的里面配送的，完了之后有一部分通过看直播上门来，再自己采摘到产地来直接采摘。他是通过看视频嘛，看直播。,97.75,Positive
农户1.txt,宁夏银川保南村,农户,有上升，省了运费了。,94.56,Positive
农户1.txt,宁夏银川保南村,农户,节省百分之20左右。,96.27,Positive
农户1.txt,宁夏银川保南村,农户,是村委会提供的。,4.91,Negative
农户1.txt,宁夏银川保南村,农户,没什么了解。,7.19,Negative
农户1.txt,宁夏银川保南村,农户,有的。这两天反乡潮，这两年的网络对吧？像抖音这个直播的，完了之后直播带货的，还有电商带动返乡创业潮。,97.98,Positive
农户1.txt,宁夏银川保南村,农户,我就是其中的一个，我之前在银川市市内上班的。是20年就闹新冠的时候就回来创业了。,99.56,Positive
农户1.txt,宁夏银川保南村,农户,带动周边就业。,97.49,Positive
农户1.txt,宁夏银川保南村,农户,淘宝拼多多暂时没有这种想法。抖音自己开过的。,19.03,Negative
农户1.txt,宁夏银川保南村,农户,这个吧，农家乐，餐饮，餐饮上团购。,99.87,Positive
农户1.txt,宁夏银川保南村,农户,有时候直播，有时候直播也天天发视频。天天发视频，对我还用ai视频，那个视频。,12.94,Negative
农户1.txt,宁夏银川保南村,农户,刷到的，然后就学习到。,99.66,Positive
农户1.txt,宁夏银川保南村,农户,抖音。就是用抖音的ai特效抖音。他几个平台都能发，抖音，快手，微信朋友圈，小红书。这些软件都可以。,90.66,Positive
农户1.txt,宁夏银川保南村,农户,农业上从那个蟠桃种种植完了之后，从他结果挂果的做直播就是了解他们生长过程。一直到这个成熟果子成熟之后，直播开始卖卖货了，然后还有是餐饮那边也是拍拍院的环境，拍拍菜。,99.84,Positive
农户1.txt,宁夏银川保南村,农户,我爸他天天做，他有几千个。那就是我们在网上发视频，搞直播会让人过来嘛。会有人在底下评论，这种积极很积极。,98.72,Positive
农户1.txt,宁夏银川保南村,农户,反正有时候几十个，几百个，一般就几十个。我们一场直播下来，进直播间的观众一般都在直播间里五六百，六七百，进直播间。如果是拍那个视频，像我爸拍那个抖音视频，这个观看量还是挺多的。,99.54,Positive
农户1.txt,宁夏银川保南村,农户,对，有客人要问这是在哪呢，然后他看见了就回复一下，不管现在那啥。抖音上面我们店铺都有直接导航。,98.12,Positive
农户1.txt,宁夏银川保南村,农户,促进了。帮到人，现在这个扶持政策发力。你像我们，比如说王哥，他不是一个村，我们是保南村，他们银河村像我们做直播宣传的时候。我们来到他们村上，给他们做直播宣传，有好多都是我们从线上已经到线下，已经到他们的农庄，引到他们的大棚里头搞采摘，有很多很多都是。,99.96,Positive
农户1.txt,宁夏银川保南村,农户,传统的真人直播的话，应该是个更真实一点吧。这个ai的，这可能是对于这个商家，对于咱们这个，比如说我是老板，我可能是平时比较忙，可能抽不出来时间的话，那就可以用这个了。就节省时间，提高效率。,24.79,Negative
农户1.txt,宁夏银川保南村,农户,刚开始不能的，如果是长时间看的话，因为数字人，他是循环的还是稍微多多少少，稍微有点卡吧，你要是不仔细观察的话，你可能是。但是你要看啥感觉有点不太自然，但是最后发现就是ai了。,12.09,Negative
农户1.txt,宁夏银川保南村,农户,那也没有。现在这这么完善，几乎少欺骗，欺诈行为少，商品差的几乎是少。,1.4,Negative
农户1.txt,宁夏银川保南村,农户,没有太大影响。,20.75,Negative
农户1.txt,宁夏银川保南村,农户,这是继续扩大宣传嘛。,0.76,Negative
农户1.txt,宁夏银川保南村,农户,有了，这做这个视频也不简单，反正需要学习软件这个剪辑各方面的美化了。,98.9,Positive
农户1.txt,宁夏银川保南村,农户,"用ai, 把视频它的镜头转换这个色彩的调配，各方面都给你做的比较好。",99.88,Positive
农户1.txt,宁夏银川保南村,农户,还有文案上面，ai都是自动给你生好的。,85.83,Positive
农户1.txt,宁夏银川保南村,农户,有提高效率。节省了时间成本。,96.59,Positive
农户1.txt,宁夏银川保南村,农户,对吧，增加客流量。,94.16,Positive
农户1.txt,宁夏银川保南村,农户,用自己的。用自己的话，因为你这个如果时间长的话，人家来过老客户，他就知道了，对，下次他再介绍的时候。他就说老板对吧？,77.41,Positive
农户1.txt,宁夏银川保南村,农户,我自己也拍过上镜的那种镜头，别人请的抖音团队来给我拍的话，我自己也真人上镜，刚开始可能也有点尴尬。但是最多自然就好了。,91.59,Positive
技术人员稿.txt,宁夏银川保南村,技术人员,很荣幸也很高兴能给大家做一次分享，首先也感谢能给我这个机会。那我就长话短说，我先介绍一下咱们公司，可能大家对我们公司还不是很了解，目前呢，你们所在的地方呢，只是我们银川的一个基地，总公司有三家基地，我们公司的话呢，是总部呢，是位于上海。叫做上海鲲之翼人工智能科技有限公司，公司我们是17年就开始成立了，主要的话是专注于人工智能和数字化营销解决方案，我们目前主要的是做什么的公司呢？,99.92,Positive
技术人员稿.txt,宁夏银川保南村,技术人员,我们主要是帮助文旅，还有当地政府的一些农产品。还有教育会展新零售，做数字化转型，也就是说的简单一点，就是说帮助他们呢，比如说的最通俗一点就是当地的一些，像我们宁夏的一些农产品，比如说枸杞这些之类的，对吧？就让他们能通过互联网，通过数字人直播。,99.07,Positive
技术人员稿.txt,宁夏银川保南村,技术人员,"能把这些东西呢，能销出去，面向全国乃至全世界，带动当地的经济发展，这个是一方面。目前我们合作的话呢，有很多政府，我们也合作过，像银川这种基地的话呢，我们全国目前有20多家最大的话呢，是基地，是有500台电脑，同时呢，开启数字人直播，去年双11的时候呢。我们其中一家基地当天就突破了一个亿的gmv,其中呢，是30个真人主播，加上450名数字人直播，就当天突破了一个小目标，目前的话，我们主要的话，我们公司，因为我们数字化的帮助，企业还有这个乡村振兴。",99.96,Positive
技术人员稿.txt,宁夏银川保南村,技术人员,做这个数字化转型，我们的工具呢。,22.87,Negative
技术人员稿.txt,宁夏银川保南村,技术人员,有很多像数字人的话呢，当时是我们其中的一款，其中的一款，那现在呢，我简单跟大家先介绍一下，我们直播什么逻辑？包括咱们这个ai数字人，他是通过什么去直播？好吧。如果大家能看到我投屏的，对吧？,98.71,Positive
技术人员稿.txt,宁夏银川保南村,技术人员,直播间呢，他就是银川经济，正在播的，已经刚刚早上刚开始播嘛，播了3个小时28分钟，正常呢，我们每天的话呢，是最少保证八个小时的直播，一般如果说有些产品有需求，对吧？他可能晚上流量会好，那我们晚上还会开播，我们系统进去之后呢，就是我们的系统的一个页面，这是整个系统的页面。,99.92,Positive
技术人员稿.txt,宁夏银川保南村,技术人员,声音克隆，它主要的系统逻辑是什么呢？就是采集客户提供的形象，五分钟进行建模，就对这个形象的表情动作进行建模，然后采集他的声音进行克隆。像高德地图一样的很多明星的声音，对吧？,78.0,Positive
技术人员稿.txt,宁夏银川保南村,技术人员,他明星他不可能一句句话去读，他都是采集他的声音进行克隆，然后用文字去转化声音。克龙现在的技术已经很成熟了，因为像数字人，直播台，人工智能这个板块只是一个很小的领域。目前我们用能做到一比一的还原，也就是说只需要采集，比如说咱们某个同学，你只要给我15秒的录音，不管您说什么，哪怕就报数字都可以1234，你就给我15秒有感情的录音。我就能把您的声音克隆出来。,98.61,Positive
技术人员稿.txt,宁夏银川保南村,技术人员,我们系统里面用你的声音去传播，如果说采集您的形象，比如说形象，你有产品介绍，那最好了，你带上产品，然后去跟产品一起展示形象呢，只需要三到五分钟，我们给他用相机或者用手机。按照我们的采集标准给他录下，录下来之后我们后台进行建模训练，引入到系统进行评估，我们系统的话，因为它是系统，我们的核心优势是什么呢？大家看一下这个界面，我们系统有接入大模型。,99.65,Positive
技术人员稿.txt,宁夏银川保南村,技术人员,比如说像豆包DeepSeek，我们也会通过结构之后呢，谈真正意义上能带来一个人机交互，现在这个直播间是正在开播的，然后给大家点一下，进去看一下解决之后呢，我们提前准备好的文案。这个文案是我们自己的，用ai 这个上面也可以写，所以你讲话术，他也可以帮你写，我们人工也可以写，写完之后的话呢，我们这里有一个开放ai泛化是什么意思呢？它能把一段话变成十段话，不让你在整个直播的过程中。,99.91,Positive
技术人员稿.txt,宁夏银川保南村,技术人员,每一段内容不一样，写完之后请看录好的形象，选择录好的声音，然后就能实现一键开播。,98.4,Positive
技术人员稿.txt,宁夏银川保南村,技术人员,我先说一下我的日常工作，我的日常工作呢，主要是配合我们各个基地，然后呢，这个直播间的运营搭建，包括一些可能遇到他们有一些常见问题的解答。,99.83,Positive
技术人员稿.txt,宁夏银川保南村,技术人员,日常更新的频率是这样的，我们是日常更新的话呢。我们是，比如说四月我们做了两次更新，新增了22个功能，我们是每个月都有更新，每个月都有一次，因为技术是不断的迭代嘛，对吧？技术迭代之后，我们会把这些新的技术运用到我们系统上面。,97.41,Positive
技术人员稿.txt,宁夏银川保南村,技术人员,几乎每个月都会有更新。,99.19,Positive
技术人员稿.txt,宁夏银川保南村,技术人员,是的。有一些，比如说年纪比较大的，对吧？连基础的电脑知识又不是很明白，现在很方便，我们只需要他在电脑端下载一个向日葵。,16.93,Negative
技术人员稿.txt,宁夏银川保南村,技术人员,同学们都知道向日葵，然后他们只要下载之后把远程码发给我，这边我就能远程给他安装系统，远程给他开播，就他们就不用操心，他们只需要负责后端的这个一系列的，比如说有订单出来了，对吧？你要去发货。然后你要去上传单号，对吧？售后的这个产品你在运输过程中或者客户收到货了，这些有一些售后服务，这是他们需要去看的技术端的，我们可以远程去协助，这个是完全没问题的。,99.89,Positive
技术人员稿.txt,宁夏银川保南村,技术人员,是这样的，我们不单单人家说这个，有句话说授人鱼怎能授，不如授人渔，对吧？对，然后我们是针对年纪大的，不会操作的。那没办法，那我们只能加重我们自己的工作量，如果说年轻的政府呢，像我们跟政府都有合作，会组织这些，比如说待岗的青年，或者还有一些农户，对吧？他有这个想法，想往上面发展，政府会组织。,98.9,Positive
技术人员稿.txt,宁夏银川保南村,技术人员,我们会去当地开课，会去当地开课，我们现在每天都有。,93.51,Positive
技术人员稿.txt,宁夏银川保南村,技术人员,全国各地都有我们总部的老师，我们总共是20多位老师，我已经有很多有好几个月都没看过他们了，他们都是全国各地飞的。,5.01,Negative
技术人员稿.txt,宁夏银川保南村,技术人员,一般都是自己找上门的，因为我们也不知道。,0.66,Negative
技术人员稿.txt,宁夏银川保南村,技术人员,提供这个课程是不收费的，都是免费课程。,99.25,Positive
技术人员稿.txt,宁夏银川保南村,技术人员,技术的话，这个是具体的合作方式，这个我不是很明白，因为我是负责技术端的。,97.2,Positive
技术人员稿.txt,宁夏银川保南村,技术人员,我不知道您们刚刚体验了没有哈？有没有去直播间去体验？,97.68,Positive
技术人员稿.txt,宁夏银川保南村,技术人员,他是这样的，他整个回复逻辑是这样的，因为目前我们经济呢，他们播的这些品文旅，他们大部分呢，为了做直播，也就是说这个佣金，所以呢，在这个方面呢。没有做精细化的运营，他回复逻辑怎么样呢？首先就是你的话术脚本里面要有这个答案，你就是要有这些内容，就你问的问题。,3.91,Negative
技术人员稿.txt,宁夏银川保南村,技术人员,第二个呢，我们有一个自研的小模型，叫做影识库，就这个知识库的话呢，你要把这些常见问题填充进去。第三个，通过大模型，大模型的接口，大模型的机构去恢复，以及他会从这两个上面去抓取整个回复逻辑。,99.8,Positive
技术人员稿.txt,宁夏银川保南村,技术人员,对，因为我们基地的话呢，他这些基地目前就是像银川，他这个主要是用于直播，目前哦，我们是就挑选一些文旅的好的货盘。或者是说当地的农产品一些好卖的一些东西，电商的品做做直播用的，所以他对回复的功能要求并不是很高，所以就没有在这个上面去做精细化的运营。,99.0,Positive
技术人员稿.txt,宁夏银川保南村,技术人员,是的，这个是，这是最基础的条件，你必须要有网，要有电嘛，然后要有电，如果说网当纯网断了，那没关系，系统有个保护机制，八分钟之内你电断了也没关系，在八分钟之内你的网跟电连上之后，然后你可以回到系统。它有一个就是恢复画面，你点一下它就恢复到之前的开播的。,99.74,Positive
技术人员稿.txt,宁夏银川保南村,技术人员,硬件是你自己要去提供，如果说你作为一个商家，或者你作为一个农户，对吧？那你想把自己的产品我推出去，通过ai数字人直播。那你肯定要自己准备好硬件，硬件的门槛现在也很低，它就是一台电脑嘛，对吧？,92.82,Positive
技术人员稿.txt,宁夏银川保南村,技术人员,现在有很多，因为现在有很多公司他有这种电脑，租电脑的业务，租一台的话，一个月平均也就是200多块钱，好像据我了解的，对，他没有必要去买。,0.81,Negative
技术人员稿.txt,宁夏银川保南村,技术人员,那肯定是高。因为这个对农户来说他们是没有什么需要什么，他没有第一个，他没有什么门槛，对他来说，他只需要如果说，比如说我名下，他是枸杞，那他只需要他有产品就行了，我们可以帮他联系软件。我们全程远程帮他们搭建，搭建好了之后，到时候他就一键开播就行了。,99.64,Positive
技术人员稿.txt,宁夏银川保南村,技术人员,是这样的，比如说像东三省，东三省，因为他们那边属于什么呢？地广人稀。经济条件的话呢，比长三角，包括银川，可能都要差，我不知道您这边去过没有，我上个月还去那边呆了20多天。目的呢，就是帮助当地政府组织的一个，他们整个农户的这个技能培训，也就是说关于ai数字人这个直播这个板块，就是他们会把这些全部招募过来，把附近的这些村民年纪偏轻一点的青年或者一些待业的。我们集中给他培训，从软件的使用到开播，我们手把手教他一到两次之后，他们就能自我掌握，就自己就能掌握这个技能了，而且我们有相关的sop给他们了，也就是说他在教过他一遍之后。他可以对着我给他的sop操作步骤一步步的来，这样子我们的工作其实也是没有多大，只需要我们第一次给他讲完之后，后面他们以有一些常见问题的，有一些，比如说他遇到什么卡点，到了这个步骤他忘记了。可能他打个电话过来问一下,99.93,Positive
技术人员稿.txt,宁夏银川保南村,技术人员,你看地方政府对数字人呢？他现在很多的，我刚刚不是讲过，就是现在这个村委会的村支书，还有镇上的这些党政党委领导班子呢。他这个交替确实是他有很年轻的，也有一些老同志，他有些观念上不一定，他根据各地方的差异，经济落后的程度，还有他本身自己的农副产品，包括这个村干部，村支书，他有些他对这个新生事物的接受程度。这有差异，所以他不一定。当然我们为什么这次在保南村能得到，我刚才就讲书记，他本身班科毕业，一个是比较年轻，二是在政府，咱们那文广局上过班，又有国企单位，又担任过政府主要领导助理秘书这块。他对这个新兴事物，他是能接受的。这是基于这样的前提，所以ai数字直播间才能在他们那落户，你如果是其他的，你这个村支书50多岁了，你跟他讲，他压根不会搭理，这要选择合适的对象。只有适合的土壤，才能将我们这个项目才能推进下去。,99.95,Positive
技术人员稿.txt,宁夏银川保南村,技术人员,是这样的。比如说是对一些很有形象的，他可能提供自己的形象，他形象比较好。他觉得他自己可以入镜，那我们就可以采集他的形象，采集他的声音。如果说针对没有的，那我们有主播库，我们主播库里面有1000多名主播，我们会给他发五个可以挑选一下对自己合适的，适合自己产品的，对吧？适合自己这个公司产品调性的，然后他挑选一个。,92.96,Positive
技术人员稿.txt,宁夏银川保南村,技术人员,我们是因为我们一直在这个板块，对吧？我们从17年就到今天，但是所以我们有自己的新媒体团队，他跟这些主播的话呢。都有合作，有合作之后呢，我们进行建联，建联之后就会把这个主播的他的信息录入到我们的库里面，如果说有客户有需要的，我们就会把这些东西发出去给客户，客户，然后来挑选。,99.74,Positive
技术人员稿.txt,宁夏银川保南村,技术人员,挑选完之后我们就打电话或者通过信息什么什么其他的联络方式把主播呢，跟他邀约时间，问他们档期如何，可以的话呢，过来就采集他的形象跟声音，然后签个授权书，他的形象授权能供给这公司对吧，或者这个村。然后去使用于这个数字人直播，上面都会写的很明确。,99.84,Positive
技术人员稿.txt,宁夏银川保南村,技术人员,肯定的，因为这个费用不是我们出。,95.73,Positive
技术人员稿.txt,宁夏银川保南村,技术人员,这个费用的话。一般他也不一样，就比如说车模，他的主播气质呢，可能比较好一点，那这个费用是600到800一般的呢，可能三四百块钱。,79.17,Positive
技术人员稿.txt,宁夏银川保南村,技术人员,没有永久一说的。,82.48,Positive
技术人员稿.txt,宁夏银川保南村,技术人员,因为这个数字人直播，他跟真人已经做到无异了，如果说作为一个外行。咱们可以把这个直播间回头我给大家分享几个，直播间大家可以拿过去，家里的长辈去看一下，你问他这个主播播的怎么样？,99.82,Positive
技术人员稿.txt,宁夏银川保南村,技术人员,如果说你不说数字人，他肯定是不可能发现的，也就是说他跟真人已经做到一比一了，他也有缺陷，他唯一的缺陷就是什么呢？他没有真人的情感那么丰富，对吧？,17.93,Negative
技术人员稿.txt,宁夏银川保南村,技术人员,但是他的优势是什么呢？就真人主播，他不可能一天到晚就坐那里给你播，他最多每个人，他最多播四个小时每天，而且他中途要休息。为什么？,24.56,Negative
技术人员稿.txt,宁夏银川保南村,技术人员,因为他不是他不想跟你说，因为他说不动了，他不可能一直出来，就说那数字人是什么呢？他的状态一直是很亢奋，很激情的，一直坐在那里，只要我有电有网，我的电脑不卡，他就可以一直播。所以你问到数据这个板块，我们测下来的话，这个东西跟品，跟账号，跟产品的客单价都是这个，就涉及到直播的运营的一个逻辑了。,99.91,Positive
技术人员稿.txt,宁夏银川保南村,技术人员,没有，这个是他自己可以决定，就是我们有一些。比如说我们这边，我就是早上我们上班时间比较晚哈，就九点钟我们就上班了。,98.83,Positive
技术人员稿.txt,宁夏银川保南村,技术人员,到晚上六点钟就下班了，我们就挂播了，我们就不播了。针对有一些品呢，他可能晚上他流量好，那我晚上我又会给他开，然后呢，到睡觉前我又会给他关掉，因为到了晚上11点钟以后，他肯定就没人看了。,99.12,Positive
技术人员稿.txt,宁夏银川保南村,技术人员,可以的，但是我们这个不提倡24小时播。为什么呢？因为你播的时间长了，这个就是可能你账号的权重也会给拉没了，为什么？因为你到了晚上半夜11点钟以后就没有人看你直播了，当然可能也有一些，它是适合晚上播的，就比如说那个成人用品。,93.41,Positive
技术人员稿.txt,宁夏银川保南村,技术人员,对吧？那都是网上人家去发这些东西，那其他的你像一些农副产品，还有一些副产品，家电类的这些，你11点钟12点钟以后，大部分购买人群他已经休息了。,8.36,Negative
技术人员稿.txt,宁夏银川保南村,技术人员,那这个月呢，就是本地服务，我们是本地的服务商。也会在这个实时的去给他们一些同步或者是根据他们一个全屏或者跟他们数据分享那些账号的，比如说长期账号的没有收益这块都会调整。,99.54,Positive
技术人员稿.txt,宁夏银川保南村,技术人员,刚刚我们看了嘛。就那个数据，我们也以我们最后的后台交易的数据成交量，然后应该有关注度各方面，就是我们业务评价体系。那么确实是根据我们一周，他你看我们刚才有的一天一周一月的这一块，我们市场的这些统计，如果确实低于我们，咱们觉得收益率不高的话，我们会当然没有一个标准的，比如说60分及格的，这种是这种指标，明确的说就是根据我们去看一下我们的收益，那么不能说我们播上两天就挣两毛钱，你可能这一块，但是你说如果一天确实能有个百八十块钱收益，这块我们是只能是根据品的情况，我们就去调整，没有一个明确的指标。,99.47,Positive
技术人员稿.txt,宁夏银川保南村,技术人员,"你看一下我目前你看大家看一下屏幕哈，我打开之后你看这些平台我们都是支持的，都支持抖音，它并不是说不允许数字人直播。你看前段时间我不知道大家有没有关注这个新闻，罗永浩，他的数字分身对吗？当场破了多少多少gmv,好像是5000万还是多少，大家可以搜一下。",99.13,Positive
技术人员稿.txt,宁夏银川保南村,技术人员,他是回应，他打击的是什么呢？你要合理合法的用到这种ai的软件，包括国家也包含了几条法律法规，对吧？他针对的这种诈骗分子，或者是说他又用明星的这种形象去克隆这种之类的，或者换脸技术。,7.12,Negative
技术人员稿.txt,宁夏银川保南村,技术人员,那我们用的都是主播，他自己有肖像权的这种形象。,4.14,Negative
技术人员稿.txt,宁夏银川保南村,技术人员,不是我们这个每个产品的打法不一样，我们目前主的是微付费的模式，也就是说我们都会做投流，因为现在对他基本上他是没有平白无故的流量，这种带人的货已经很少了，就是我们会做微付费的形式。结合着直播一起通过微付费去撬动。,99.6,Positive
技术人员稿.txt,宁夏银川保南村,技术人员,瓶颈的话，我目前还真想不到，但是下一步的研究方向是什么呢？我们想这个东西首先数字人呢，他能更加的去拟人化。也就是说对他能做到跟真人一样有比较好的情感，情感丰富一点，然后他的拟人化程度呢，会更完善一点，这是我们下一步的方向，就基本他能做到跟真人无异。,99.48,Positive
技术人员稿.txt,宁夏银川保南村,技术人员,对，他目前最缺乏的地方，也就是我刚才跟你说的，他情感没有真人这么丰富，对吧？,7.2,Negative
技术人员稿.txt,宁夏银川保南村,技术人员,他这本身就是我们的方向，文化传播包括我们跟有一些文旅局都有合作，推动当地的旅游项目。当地的有一些景点的一些，打造我数字人去宣传，短信，通过我们的ai短视频矩阵系统，然后加上我们ai数字人直播，然后去双管齐下种草视频的发布，打造矩阵号，他像这种打法的话呢，跟单个直播间就不一样了。他会出矩阵号，就一次性的批量的，可能是20个30个50个直播间统一播他某一个景区的，他打出去的曝光，因为这个曝光的话，就相当我们20年前30年前在大街上发这种传单，对吧？,99.81,Positive
技术人员稿.txt,宁夏银川保南村,技术人员,他比发传单的效率会更快，他本地生活呢，抖音呢，他是有流量服务。是的，他首先可以，你直播之后，他可以推到你方圆五公里，十公里或者20公里的人群，然后再一个呢，你一旦热度多了之后，然后相关的这个平台，就是看你在哪个平台，对吧？,99.51,Positive
技术人员稿.txt,宁夏银川保南村,技术人员,还有他有给你推上去，别人刷到之后。你看搜索头这些东西了解你说的文旅方面。,75.97,Positive
技术人员稿.txt,宁夏银川保南村,技术人员,可以说本地的叫服务，也可以做商务，商务的这一块各地的文旅政策，它有差异，它有的重点的扶持的哪一块，比如说有的，那就扶持咱们就是餐饮，有的时候旅游景区，这样的文旅的它不同的一些侧面，当然它不同的省份呢。它的制定的政策是不一样的，那么我们这块的是根据他们的政策，包括我们的扶持力度，包括还有像文旅的他，当然也有人的差距，就是你的领导关注这块，重视他们。,99.97,Positive
技术人员稿.txt,宁夏银川保南村,技术人员,他作为一个咱们就说推动文旅发展的一个，咱们一个支撑，就这种这一块，我们去针对不同的地方，因人而异吧，他确实是，他如果是说项目经费呢，他经费的支持的力度和大小这块是有差距的。,99.5,Positive
技术人员稿.txt,宁夏银川保南村,技术人员,是这样的，我听得到是这样的，这个账号的话呢，我们是有很多合作方式，那一定呢，我们有员工号，第二个呢。有这种账号招募的机制，就比如说像我们的同学，对吧？你们有账号也可以提供，然后呢，我们会有一个分存的机制，我们只需要提供账号具有直播权限，或者说如果说你哪怕没有直播权限，我们会呼出您涨粉。,99.78,Positive
技术人员稿.txt,宁夏银川保南村,技术人员,然后去开通这个直播的权限，你们只需要提供一个具有实名的账号过来，我们会有一个分成的机制，就是每个月我们会拿出这个账号的百分几十的利润分给提供账户的同学。,99.16,Positive
技术人员稿.txt,宁夏银川保南村,技术人员,目前的话，因为我们目前做的是量，所以呢，我们在八台电脑，我们查下来的话呢，每天的话呢，是能跑到80到100一百，有些低的话呢，可能是30到50，也就是说10%我们按100来算呢，一天的话呢，分到同学身上呢。大概是十块钱一个月呢，可能是两三百，也就是说这个平时出差肯定是没有问题的。,99.77,Positive
技术人员稿.txt,宁夏银川保南村,技术人员,也就是说你账号提供过来之后呢，别的他们都不用操心，号主他是不用操心，别的就是整个运营直播都是我们这边来负责。并不影响你在抖音的正常购物和您这个刷短视频。,98.87,Positive
技术人员稿.txt,宁夏银川保南村,技术人员,对抖音的使用并不影响。,92.89,Positive
技术人员稿.txt,宁夏银川保南村,技术人员,他们自己出。,10.44,Negative
技术人员稿.txt,宁夏银川保南村,技术人员,那确实他想多卖产品，这个投流是必须要有的。就像你，就像你要跑的快，你从银川要走过来也行了，但你坐车你还得付费吗？,90.49,Positive
技术人员稿.txt,宁夏银川保南村,技术人员,来过下单就好。我们测一下，只要一看成交额。,99.21,Positive
技术人员稿.txt,宁夏银川保南村,技术人员,对，所以说你这个客户，他的直播间他待的时长都不是很长，通常也就十几秒，包括我们自己去直播间买东西。各位同学，应该也有体验，对吧？你基本上进去之后，就是我看了这个东西或者我的目标很明确，然后我又刷到。,99.25,Positive
技术人员稿.txt,宁夏银川保南村,技术人员,这个直播间我进去看了，价格合适，我立马就下单就走了，甚至我连多一句话我都不会问。,18.64,Negative
技术人员稿.txt,宁夏银川保南村,技术人员,因为我们目前选的品都是一些，就是爆品，一些爆品，然后呢，一些低的价格。所以呢，他对账号的要求呢，并不是那么太高。,99.41,Positive
技术人员稿.txt,宁夏银川保南村,技术人员,对，我们有专门的那个选品团队，这个也不需要咱们好处去操心。好。,99.37,Positive
技术人员稿.txt,宁夏银川保南村,技术人员,我们这叫账户招募，就全托管模式，就是你托管一个实名制账号，简单的讲，托管一个实名制账号，你就不管了，你只是在每天根据我们的这个运营，咱们就说是成交量那个分云比例，按照比例。你们也看到我们成交量多少比例就到你们的钱包里面，好，这钱你就可以自己自由支配。当然如果是为了咱们保密性，我们也可以签订保密协议，然后呢，这个都没有问题，公司都有成熟的文案访问协议。,99.89,Positive
技术人员稿.txt,宁夏银川保南村,技术人员,我们会根据产品的类型，然后呢，有一些会发一些种草视频，但是不是很多，因为这些品它都是爆品，就是微付费去撬动流量。第一个来讲，基本的进去之后，就比如说我们，我们会根据季节，然后会选一些品，比如说前段时间我们会卖芒果，海南的芒果，他的客单价很便宜，九块五斤就这样的，那直播间他来了之后就你不用发什么视频。他进来之后看到这东西他就下单就走了。,99.85,Positive
技术人员稿.txt,宁夏银川保南村,技术人员,短视频，我们也是通过这个ai这个短视频矩阵，然后去批量剪辑的，就云端矩阵,99.45,Positive
哈校长稿.txt,宁夏银川保南村,哈丽琼,我们宁夏这一块叫宁夏鲲之翼。然后这是这一个我名下是从上海到宁夏的，是我们宁夏基地的政策，我们的是宁夏公司还是要具体的研发基地选中这些一块确确实实，因为以前的咱们说数字人，这就是在电商直播的后，电商直播的时候在从京东的刘强东开始就开始做，咱们就数字人做，当然他那块我们最早称之为纸片人。,99.66,Positive
哈校长稿.txt,宁夏银川保南村,哈丽琼,觉得纸片人他一张照片从后面的我们2.0，现在我们应该3.0的一个版本，我们现在这个设的然后呢，上海总部呢，就是我们应该是说一键生成，生成语音语言话术。包括我们的数字分身这样的话，人人都可以，包括每个人也可以做一个数字分身。我们当时在数字人直播的时候，我们最早是做一些文旅类的，文旅类的商务类的，我们现在就突然发现在我们贴近生活里头，包括还有我们之前还做过本地生活，本地生活的一些餐饮什么。,99.83,Positive
哈校长稿.txt,宁夏银川保南村,哈丽琼,现在就是说那么我们现在觉得应该国家助力乡村振兴，我们在这方面可能就做得更多一些。当时书记呢，去年他们就打算做电视直播，就书记直播间，我想书记也比较忙，没时间的，那么我们用数字分身。,99.85,Positive
哈校长稿.txt,宁夏银川保南村,哈丽琼,说实话，在抖音这个上也会限流，然后呢，我们现在就叫真人加数字人加场景应用，这样的话，就是相当这些能数据直播间。他每天到一定的时间是出镜一下，出镜一下几个头叫真人，然后呢，我们真的再用它的数字分身去播，那么后头的应用场景就是那场景的，那就是数字数据到咱们乡村里头的田间地头，然后呢，我们农户的这个生产种植。,99.58,Positive
哈校长稿.txt,宁夏银川保南村,哈丽琼,我们这块把应用不同的场景去做，所以我们基于当时考虑，我们公司免费给提供一下，给郑书记，你们见了，然后呢，但是就给他们提供了这个数字的分身。只是确实是时间比较忙，偶尔的闲余时间去做，就是为啥保南村呢。,99.76,Positive
哈校长稿.txt,宁夏银川保南村,哈丽琼,它的面积有，但是他没有，他应该这个讲过，他没有什么核心的支柱产业嘛，我说你没有核心资产，你把人才这个产业做成一个核心引领，科技是选咱们的年轻人来，然后呢。我们用科技去赋能信息，去赋能我们这样的话，就把人才引进来，人才也是，我们不能当产品，但是也是我们核心支撑，核心技术，核心力量。我们在乡村振兴上去赋能我们周边的其他乡村，还是我们乡镇的合作，我们当时也是这么探讨的，所以书记确实是应该是我们全乡镇，他们后来在全乡镇应该是算比较年轻的，应该是最年轻的。,99.77,Positive
哈校长稿.txt,宁夏银川保南村,哈丽琼,所以当时这当时我们是因为我们本身，我们自己是想做分身的嘛，我们带一些直播间，就是作为怎么如何应用。当时去找数据，就这么去做，我先把背景情况给大家讲一下，简单说一下。,99.55,Positive
哈校长稿.txt,宁夏银川保南村,哈丽琼,就是我们确实是项目走到前头，但是我们在实际意义上还是有些路子，待会你去看看我们那个像这些那里头，我们有其他的一些农副产品，有一部分是我们本地的。还有一部分就是其他，为什么？因为我们这个是说我们将产品选品专门用户去选品销售的一些芒果核等，就是那个农副特产，我们去选一些好的特产，虽然我们基地在银川。,99.65,Positive
哈校长稿.txt,宁夏银川保南村,哈丽琼,但是我们实际上的那个产品呢，是全国各地五湖四海，哪个呢？就是说最好便于农户，然后呢，性价比最高，那么我们就帮他们带有一些那个有些老百姓呢，确确实实他有好的产品，但是你让他真人直播。他得真人直播对人的要求还是蛮高的吧，你要从语言水平，然后呢，包括组织能力，包括时间上就各方面要求蛮高的，但我如果用我们的数字，数字人确实可以说我们这个有真人形象。,98.63,Positive
哈校长稿.txt,宁夏银川保南村,哈丽琼,我们有数字的形象就是我们生成了一个生成的，在全国人口里头的没有的这样的一个人物，我们去生成不因为也不存在这个肖像权的这一块的影响，所以我们就生成这样的一个是的。但是我们是给这个晓东这个数据做了一个数字人，他们给你们应该也看一下。,81.92,Positive
哈校长稿.txt,宁夏银川保南村,哈丽琼,对，所以就说没看上，一个真人的形象。,99.88,Positive
哈校长稿.txt,宁夏银川保南村,哈丽琼,国家的主要方向就乡村振兴，因为基于ai的人工智能的这种现在的这形式的一种成长。你怎么去应用场景广大农村，我觉得确确实实有很大的市场和空间，我，因为你们选这个，我觉得你们至少对来农村不排斥，是吧？因为你们选的说的乡村振兴。,99.93,Positive
哈校长稿.txt,宁夏银川保南村,哈丽琼,我估计十到15左右有40多岁的人，中坚力量的这样的应该是这样的比例，这中间的就没年轻，包括村干部，像他这书记都30几岁了，三十几岁的书记应该都已经很少了。这也确实是。那么我就在那想你们这一块呢，就是二十岁大学生，然后你们未来如果确实想在这一块去做点事，我真的觉得方向选得特别好。,99.84,Positive
负责人访谈整理.txt,河北行唐龙洞村,园区负责人,当我们听到这个之后，并没有很用心。我们直到，前年11月份的时候，因为我们园区里面，（你们）应该也看了百分之九十七八的都是各种各样的残疾人。所以说如果让他们工作，因为他们也得要生活，也得要吃饭。（如果）他一天吃一个馒头和一天吃一个馒头加一个面包，他是不一样的，对不对？我们是为了让他们生活得更好。所以我们贾茹园长开始找一些适合我们这个地方残疾人能够干的工作，接触了很多之后，接触到了AI，接触到了数字人。一开始的时候，市面上的数字人、AI有很多大公司、小公司一个比一个吹得厉害，说这个多好，特别厉害，可以帮助这个那个，结果一试都不行。一直到去年的四月份、五月份，我们找了整整两个月，贾总带着我们全国跑，来回跑，找（数字人）。最后我们找到这个快手，这个女娲，她给我们展示，我们第一眼看到觉得这就是一个真人的直播间。快手的人员跟我们讲，说我们这个是用AI形成的数字人。同时也有一批是我们真人采集的，无论说话、音色、动作，包括他们面部表情，都要比很多各种大公司、小公司做得好。所以我们选择跟他们一块合作来帮助我们的残疾人。,99.62,Positive
负责人访谈整理.txt,河北行唐龙洞村,园区负责人,我们开始的时候，因为我们贾总他是快手助农振兴官，他是全国唯一的一个，是跟快手直接的有关系的人。从我们四月份接触这个数字人，到正式的合作是五月份，先弄了十个账号，我们自己先学习、先测、先练习。一个月之后感觉可以了，然后就教会了下面，你们看，有一个坐轮椅的那个，他是我们的第一个学员，我们教会他之后，然后给了他一个账号，他就开始做、练。然后林林总总就开始这个人分一个，那个人分两个，结果越干效果越好。现在我们整个村，他有30个女娲账号，24个人，要不然是残疾人，要不然是各种各样的村里面的的贫困户、低保户。然后教给他们怎么样做直播，一直干到现在。,99.77,Positive
负责人访谈整理.txt,河北行唐龙洞村,园区负责人,只能在快手上面。,0.08,Negative
负责人访谈整理.txt,河北行唐龙洞村,园区负责人,不是他们的一个要求。公司和个人是不一样的。公司目的是为了盈利，盈利完之后他才会有一定的社会责任。快手要维护快手的利益。你不能是把快手的技术放抖音上面，行不通。,87.54,Positive
负责人访谈整理.txt,河北行唐龙洞村,园区负责人,我们残疾人学的是运营、选品、搭建直播间，快手只提供一个这样的后台，怎么操作、让数字人说话、卖货、搭配直播间，全部是我们残疾人朋友要负责的工作，一个是提供技术支持，一个是提供运营支持。,97.33,Positive
负责人访谈整理.txt,河北行唐龙洞村,园区负责人,暂时还不是。,2.94,Negative
负责人访谈整理.txt,河北行唐龙洞村,园区负责人,每个公司都有每个公司的核心秘密，所以说这个没有办法详细告诉你。我只能跟你说数字人不单单是模仿的真人，而且他们也会用一批真人，比如说我，然后我一坐，他开始录，他还会给我一个话术，念完之后就把我生成的视频放到他们那个系统里边去，然后通过我的音色、动作， 然后经过AI的处理来形成一个万能的数字人，你打什么样的字，放到这个上面，我就会用我的音色、动作、肢体语言来把这个字表达出来。,99.63,Positive
负责人访谈整理.txt,河北行唐龙洞村,园区负责人,从一开始我们正式接触的时候，女娲的那个数字人，也就有二十四个人，男女老少，坐着的、站着的、工装的、制服的很多种，但是每一种都不多，然后一直到现在，我们数字人仓库里边有600多个人，你可以挑选。,98.26,Positive
负责人访谈整理.txt,河北行唐龙洞村,园区负责人,你们提出的问题，快手都已经考虑到了。他们设计快手的女娲，目的是降低人工成本。如果是一个真人直播间，首先直播三个小时或两个小时，就需要两个人轮换。再加上中控、运营、灯光、设备、场地样品等，花费巨大。然而，这些投入能否带来收益，不知道。因此，他们经过大量测试、调研、分析和走访，最终才确定了这几款数字人。所以我们考虑的这些问题，他们都已经考虑过了。,99.82,Positive
负责人访谈整理.txt,河北行唐龙洞村,园区负责人,不，没有任何东西是完美的，所有东西都会有缺陷。他们也会有问题，有问题并不可怕，可怕的是不改正问题。所以前期，我们就像小白鼠一样，我们来测试、练，然后他们听取我们的建议，根据我们卖货的场景、人物的微表情，一步一步调整、改正。,94.8,Positive
负责人访谈整理.txt,河北行唐龙洞村,园区负责人,弊端其实就是账号太少。,1.96,Negative
负责人访谈整理.txt,河北行唐龙洞村,园区负责人,每个平台的机制都不一样，任何机制、任何平台，都会有一个生活丛林（不知道啥意思）。如果单方说快手有十个直播间，他们不可能让十个直播间都是女娲直播的形式，肯定会有两个真人的、两个半无人的、两个大V的、两个电影的、两个娱乐的。我们绝对不能打破这个生态平衡。包括抖音也是一样。现在可以用数字人直播的平台有很多，但你们真正见过的有几个？包括抖音，到目前为止，我没有见过一个是用AI直播的。,13.25,Negative
负责人访谈整理.txt,河北行唐龙洞村,园区负责人,有的时候即使见到了，你可以继续观察，要么24小时，要么48小时，他一定会下线。因为号被封了，这是平台不允许的事情。如果我是一个商家，我是一个农民，我辛辛苦苦种地，我搬来，家人们，我们家的苹果特别好，大家可以看一下，特别好，家人们。我们今天市面上面多少钱，但在原产地，我们只要多少钱，朋友们支持一下我们老农，真的不容易，感谢家人们。他们辛辛苦苦地喊，直播间里就两个人，你用手动动（指数字人），直播去吧，不用管了。你不管谁心里都不会会平衡，这样的事情在平台是不允许的。,90.48,Positive
负责人访谈整理.txt,河北行唐龙洞村,园区负责人,刚才跟你讲，可能你没有理解，快手只提供后台技术支持，什么时候开播卖什么商品，全部是我们下面的人员来决定。人家没要求你必须什么时候直播。,99.42,Positive
负责人访谈整理.txt,河北行唐龙洞村,园区负责人,快手有一个算法，包括不管是快手还是抖音，他们的算法都非常精准。一个生态平衡他们比咱们要明白。只要是这个稍微多找另外一个人，这个平衡是他们看重的，要比咱们看重得多。,99.55,Positive
负责人访谈整理.txt,河北行唐龙洞村,园区负责人,我们有我们的弊端。如果是正常人的话，没问题，但你也看到了，有很多天生的东西限制住了他们的发展，我们不是说为了我们自己生活得好一点。我们是为了让更多的残疾人能够找到适合他们的工作。你说我天天辛辛苦苦的直播吆喝，之后，我把钱全部再给了别人家，第一，我心里不平衡。第二个，绝对不能让他们养成一个伸手要钱的习惯，想吃饭要自己手心向下。,92.11,Positive
负责人访谈整理.txt,河北行唐龙洞村,园区负责人,带货永远遵循一个规律，即人、货、场（三个因素？）。即使数字人做得再逼真，再擅长表达，如果卖与季节不符的商品，也肯定没人要。因此我们永远要根据季节性和流量来选择应卖何种产品。就目前而言，情况不错。以前他们工资一个月三百到五百。现在他们一个月3000多。而且我们整个园区没有接受国家一分钱帮助，无论是国家还是行唐县，给我们钱我们都不要。,95.13,Positive
负责人访谈整理.txt,河北行唐龙洞村,园区负责人,包括lun mu村，一开始村里的贫困户，跟着我们干了大半年后，你再看，村里有个群，说我们要放炮，你看一百一百地捐，如果村里人没有钱，谁会拿出100去捐？,95.94,Positive
负责人访谈整理.txt,河北行唐龙洞村,园区负责人,我们主要的目的是先解决生存。你说的这些，比如猕猴桃，它不可能一年四季都有，我们不能等它树上有再卖，而是先解决生存，再想办法去做更多对社会有利的事情。我们直播间的产品也有一个生态平衡。我们园区现在一共30个账号，会拿出20个账号来进行主要的销售，另外的10个账号则用于其他。你看咱们行唐是两红一白，红薯、红枣，白的是粉条。象山（发音）县会拿一些样品，在快手做一个店铺，他们把链接发过来，我们会根据链接、价格、图片颜色等来搭配，来卖。,99.77,Positive
负责人访谈整理.txt,河北行唐龙洞村,园区负责人,这些数据任何直播的人都能看到，包括场观、点击数、用户成交数、曝光量等。,98.31,Positive
负责人访谈整理.txt,河北行唐龙洞村,园区负责人,技术上的支持不用问，你们问也不会说，就快手的女娲，从研发开始到投入使用，花了3.8个亿。你觉得这3.8亿研究出来的东西和数据，他们会轻易透露给你吗？这是技术专利。,89.22,Positive
负责人访谈整理.txt,河北行唐龙洞村,园区负责人,这个不用你们做，这个应该是我们操心的。如果我们的直播间无法提高用户的满意度，他们就不会来我们的直播间买货、下单。如果我们的直播间搭配不好，或者商品挑的不好，他们也不会买。,96.44,Positive
负责人访谈整理.txt,河北行唐龙洞村,园区负责人,不是，也是通过AI。,4.18,Negative
负责人访谈整理.txt,河北行唐龙洞村,园区负责人,话术是直播间数字人所讲的话，关键词是自动回复，这是两个不同的地方。您是要问话术从哪来的？还是说关键词是怎么做的？,24.98,Negative
负责人访谈整理.txt,河北行唐龙洞村,园区负责人,话术最好的办法是抄袭对方。如果你自己写话术，写完之后放到后面让数字人去直播，对不对？但是你不知道哪个词是违禁词。最好的办法是什么？同品的直播间有很多。你在这一百两百个直播间中挑选一个卖得厉害的，他卖得厉害肯定有他的优点，要不然是中间搭配好，要不然是主播音色好，那我们就把他们的声音录下来，然后再进行修改、润色，然后放到我们这个地方。,97.86,Positive
负责人访谈整理.txt,河北行唐龙洞村,园区负责人,搞这个的都懂。你买衣服时问得最多是什么？你不得想我知道这个能不能穿吗？对不对？什么多大码、什么颜色、哪个地方发货、多久能够到等。？关键词，这不用人工，人工不行。人在后台，自己回复。关键词可以检测，你把关键词一个一个地打到上面，然后把问题也打到它们的后面，这些就可以检测了，谁在评论，谁在直播间问相类似的问题，就会自动回复。我们给他设定了什么样的关键词，他就会回复什么样的话。但关键词一定要有。有些时候，我在设定了关键词之后，但设置得不全面。突然，直播间的人问了一个我没设定关键词的问题，这时我们的后台会给我们提示，即有一条需要补充这样，点开一看，他问的几个问题我没写，系统会自动帮你按照你的产品，按照你这边的音频来给他进行答复。然后你就全选，这个内容就加到这个脚本里面。,99.95,Positive
负责人访谈整理.txt,河北行唐龙洞村,园区负责人,自己搭配直播间。,99.04,Positive
负责人访谈整理.txt,河北行唐龙洞村,园区负责人,有视频可以放到直播间。这就是数字人和真人的区别，数字人达不到“拿红薯”那样的效果。,81.89,Positive
负责人访谈整理.txt,河北行唐龙洞村,园区负责人,他不知道。我们家的动作、音色、嘴型、面部微表情，几乎和真人一模一样。,5.45,Negative
负责人访谈整理.txt,河北行唐龙洞村,园区负责人,谁会跟大家说，我们是数字人，欢迎你们来到我们地方参观？,99.29,Positive
负责人访谈整理.txt,河北行唐龙洞村,园区负责人,谁会在直播间里看你72个小时？,11.02,Negative
负责人访谈整理.txt,河北行唐龙洞村,园区负责人,那得看你给他多长时间的文字。,8.68,Negative
负责人访谈整理.txt,河北行唐龙洞村,园区负责人,我们这个是根据品、厂观来进行判断。还有，你不一定非要连续直播三天，可以设定一个点，每一天零点开播，24：59下播，过一分钟自动下播，过两分钟又自动开播，然后再次下播。上午也可以这样安排。,99.56,Positive
负责人访谈整理.txt,河北行唐龙洞村,园区负责人,你问的这是运营该操心的事。,7.3,Negative
负责人访谈整理.txt,河北行唐龙洞村,园区负责人,你要学习直播带货。,3.25,Negative
负责人访谈整理.txt,河北行唐龙洞村,园区负责人,每个品的特性都不一样，每个直播间也不一样，账号的流量也不一样。你要看你账号是搜索流量还是推荐流量，直播间来的人都是什么样的人，男女比例、年龄段以及他们的购买方向是什么。,97.91,Positive
负责人访谈整理.txt,河北行唐龙洞村,园区负责人,直播间后面都会有数据，你可以根据每个账号的不同来换品。,99.06,Positive
负责人访谈整理.txt,河北行唐龙洞村,园区负责人,一般情况下卖男性的东西特别少。我们网上有一个狗卖的都比男的卖的多·，哈哈哈。,3.24,Negative
负责人访谈整理.txt,河北行唐龙洞村,园区负责人,全网的人，男的女的、老的少的都有可能买。现在家里的男性朋友们也会做饭，砍骨头、炖肉等。你们不要以为我们女的，真正喜欢做饭的时候，男人也会参与。一些品和人群定位不一样。,95.29,Positive
负责人访谈整理.txt,河北行唐龙洞村,园区负责人,能赚最多钱的是？你指的是单场的还是长久的？,76.13,Positive
负责人访谈整理.txt,河北行唐龙洞村,园区负责人,长久来看，我们目前比较稳，而且销量也比较好，比如我们的磷虾油。,99.89,Positive
负责人访谈整理.txt,河北行唐龙洞村,园区负责人,这是一种保健品，主要针对40岁左右的人。网上的项目也比较多。,96.93,Positive
负责人访谈整理.txt,河北行唐龙洞村,园区负责人,差不多的人、货、场。,0.53,Negative
负责人访谈整理.txt,河北行唐龙洞村,园区负责人,缺一不可，你得去搭配。你弄一个大海边的风景，找一个老太太去卖货，那肯定不行。如果一个大海的风景，一个女孩穿得特别薄来卖货，性质又不一样。,90.13,Positive
负责人访谈整理.txt,河北行唐龙洞村,园区负责人,玩法不一样，有的人靠短视频吸引用户，而有的人则靠GMV成交推荐涨粉丝。我们涨的粉丝比其他娱乐主播涨的粉丝要多，且更有用。因为我们的粉丝能够给我们带来效益，一个粉丝就是一个潜在顾客。我的朋友有两百万粉丝，直播带货一场却只能卖千把块钱。,97.33,Positive
负责人访谈整理.txt,河北行唐龙洞村,园区负责人,我们无论是顺序、调研还是生活，都永远有一个目的。,99.14,Positive
负责人访谈整理.txt,河北行唐龙洞村,园区负责人,要先把你的目的琢磨明白，然后围绕这个目的进行工作。你的目的可能是为了钱、名、利，或者得到别人的关注和认可。当你把目的弄清楚之后，就可以有针对性地进行了。,97.96,Positive
负责人访谈整理.txt,河北行唐龙洞村,园区负责人,他们说的限制，其实他们也不会真的限制。他们这么做是有目的的，就是为了让用户停留，为了获取更好的数据。数据好了，平台才会给你推更多的流量。,99.52,Positive
负责人访谈整理.txt,河北行唐龙洞村,园区负责人,他们最终的目的是为了变现。只要能变现，无论采用什么方式吸引用户，他们都会去做。,99.79,Positive
负责人访谈整理.txt,河北行唐龙洞村,园区负责人,你不用单刀直入地卖货，要么买要么走。,82.61,Positive
负责人访谈整理.txt,河北行唐龙洞村,徐,那你们在设置话术时，会不会在介绍产品时混入一些幽默的话来调动直播间的情绪？,99.69,Positive
负责人访谈整理.txt,河北行唐龙洞村,园区负责人,还是回到刚刚那个问题，你的目的是什么？,89.39,Positive
负责人访谈整理.txt,河北行唐龙洞村,园区负责人,你的目的是卖货，而不是为了让他们笑。这是其一。其二，直播带货和娱乐直播的考核标准也不一样，我们考核的是GMV。,22.99,Negative
负责人访谈整理.txt,河北行唐龙洞村,园区负责人,所以你说的那些对于我们来说没有用，可能对于一个新手主播来说稍微有用一点。,4.28,Negative
负责人访谈整理.txt,河北行唐龙洞村,徐,如果之前在你们直播间消费的用户在不清楚直播是数字人的情况下买了，但后来他发现这是个数字人主播，他会不会对主播产生信任降低，还会不会在直播间买东西？,1.01,Negative
负责人访谈整理.txt,河北行唐龙洞村,园区负责人,你说的这个问题不会因为人不是傻人，买东西买的都是他需要的品。如果样品寄回来后有问题，他可能会举报投诉、退货等。如果品没问题，质量又特别好，价格又很低，下次我可能还会来买。,99.9,Positive
负责人访谈整理.txt,河北行唐龙洞村,徐,产品的售后问题也是你们在负责，对吗？,6.98,Negative
负责人访谈整理.txt,河北行唐龙洞村,园区负责人,我们只是一个搬运工。,79.93,Positive
负责人访谈整理.txt,河北行唐龙洞村,徐,那这时候的问题就是您之前提到说那些用户基本上都不知道他们是数字人。,95.58,Positive
负责人访谈整理.txt,河北行唐龙洞村,园区负责人,也有知道的。,15.63,Negative
负责人访谈整理.txt,河北行唐龙洞村,徐,然后我想知道您具体害怕或者恐惧他们知道这个点的原因。是因为，比如说他们知道是数字人之后，会导致他们的信任度下降？,98.38,Positive
负责人访谈整理.txt,河北行唐龙洞村,园区负责人,我不会有任何的恐惧，也不会有任何的害怕。我靠的是制品把人留住，他们买的是视频，他们买的不是我，而是数字人。好，分买衣服背背心，别人直播间100一个，我的直播间20一个。收到货后，结果他第一句和200的一模一样，你不管是数字人，哪怕是一个狗串着一个。,89.11,Positive
负责人访谈整理.txt,河北行唐龙洞村,园区负责人,你必须是直播间的人，我都会去买，我要的是这个货，而不是他在直播间里是谁。,98.96,Positive
负责人访谈整理.txt,河北行唐龙洞村,徐,明白，就是不直接说是数字人，但是他们发现也没有影响。,93.82,Positive
负责人访谈整理.txt,河北行唐龙洞村,园区负责人,没有关系，我买的是东西，而不是说你是谁。对吧？,92.04,Positive
负责人访谈整理.txt,河北行唐龙洞村,邢,所以您的意思与其说是真人和数字人对这个人的购买意愿有什么影响，更重要的是应该是品质、价格对一个人的购买意愿有根本性的影响。,15.46,Negative
负责人访谈整理.txt,河北行唐龙洞村,园区负责人,但不管是谁卖货，只要是货质量没问题，价格优惠，谁就会去买。而不是说张三买就会买，李四就不会买。包括我们要换位思考，你买鞋、买衣服，你看的是什么？要不然你看重的是质量，要不你看重的是牌子，要么你看重的是价格。,99.78,Positive
负责人访谈整理.txt,河北行唐龙洞村,园区负责人,你肯定是有一点打动你了，你才会买，而不是说这个直播间里他是谁。你要观察他，这是对不对？你给我提供质量好，那我就认可你；你给我提供的是假冒伪劣工业产品，那我就举报你。,17.76,Negative
负责人访谈整理.txt,河北行唐龙洞村,邢,数字人最大的优势还是节省了一个人力资源，而不是说通过数字人来显著提高用户的购买意愿。,83.15,Positive
负责人访谈整理.txt,河北行唐龙洞村,园区负责人,用户的购买意愿永远是人、货、场，这个需求他们是一个重点。你有很多那种大V，他们都会找一个专门的供应链，为了这个品，就在我这个地方，在别的地方没有。你们想要买这么便宜的东西，就得来我这里。他们要找的供应链来实现这个。,99.77,Positive
负责人访谈整理.txt,河北行唐龙洞村,园区负责人,你卖的是什么东西？,0.18,Negative
负责人访谈整理.txt,河北行唐龙洞村,园区负责人,对，就是我们名字一定会变。,95.64,Positive
负责人访谈整理.txt,河北行唐龙洞村,园区负责人,名字也一直变。,77.1,Positive
负责人访谈整理.txt,河北行唐龙洞村,园区负责人,就你卖的是纸杯，你非得起个苹果的名字，对不上了。,0.71,Negative
负责人访谈整理.txt,河北行唐龙洞村,园区负责人,当我们养，就入咱们的思维稍微开阔点。我做这个直播间，目的是为了带货。如果说我卖纸杯，每一天成交额有四五百七八百，我就不会变。我就会用一个长久的 一次性水杯工厂店 名字。对不对？我只卖这一个品，这就够了。如果说是卖什么衣服的品牌折扣店，只卖衣服，它能让我赚到钱，能解决他们每个人的生活问题，这就够了。,99.75,Positive
负责人访谈整理.txt,河北行唐龙洞村,园区负责人,我们是先测品。先测号和品，测稳定了之后号就不会变了。,93.0,Positive
负责人访谈整理.txt,河北行唐龙洞村,园区负责人,在线上沟通。,98.5,Positive
负责人访谈整理.txt,河北行唐龙洞村,园区负责人,没有这个，他们是经过测试，这之后他们才会拿出来用，基本都是。,1.04,Negative
负责人访谈整理.txt,河北行唐龙洞村,园区负责人,数字人不会。,2.43,Negative
负责人访谈整理.txt,河北行唐龙洞村,园区负责人,这个问题你问的稍微麻烦一点点。我们整个行唐县人口也不少，我们不可能一个一个地去找，我们会跟每个村里对接。你们村有什么样的特产？这个永远是相互的。,99.67,Positive
负责人访谈整理.txt,河北行唐龙洞村,园区负责人,对不对？我们有这个平台，我们有技术支持，对不对？,99.35,Positive
负责人访谈整理.txt,河北行唐龙洞村,园区负责人,然后我们有专门的账号，专门做咱们扶贫的项目，把咱们当地的农产品销往外面去。我们会跟每个村去对接，有村也会来找我们主动来对接。,99.94,Positive
负责人访谈整理.txt,河北行唐龙洞村,徐,他们对这些农民使用数字人去进行直播的接受度都是挺高的。,98.52,Positive
负责人访谈整理.txt,河北行唐龙洞村,园区负责人,农民是为了什么？,95.36,Positive
负责人访谈整理.txt,河北行唐龙洞村,园区负责人,我管你是谁？只要能给他带来什么收益。,91.48,Positive
负责人访谈整理.txt,河北行唐龙洞村,园区负责人,我们只是一个搬运工。若投诉的是我们宣传的问题，我在直播间说的是买一个杯子赠一包烟，结果收到货后只有一个杯子，没有烟，他们举报我们，因为我们这是虚假宣传。若买的是杯子，收到后杯子坏了，无法用，他应去投诉商家，为何给我发烂杯子，坏杯子的责任谁负责，去找谁。,1.39,Negative
负责人访谈整理.txt,河北行唐龙洞村,园区负责人,我正常情况下是三天发货，结果显示已发货，却过了半个月才收到，这该投诉谁？他投诉的是物流，对不对？,0.45,Negative
负责人访谈整理.txt,河北行唐龙洞村,园区负责人,你感觉呢？,77.75,Positive
负责人访谈整理.txt,河北行唐龙洞村,园区负责人,你感觉得对。,94.44,Positive
负责人访谈整理.txt,河北行唐龙洞村,园区负责人,你要明白一个道理，我们是助农，注重帮助他们的。,98.48,Positive
负责人访谈整理.txt,河北行唐龙洞村,园区负责人,你一斤给黄瓜多少钱？两块钱，我抽他七八十，再加上物流费。,0.67,Negative
负责人访谈整理.txt,河北行唐龙洞村,园区负责人,你不挣钱你会干吗？,0.72,Negative
负责人访谈整理.txt,河北行唐龙洞村,园区负责人,就比如你们的农产品，因为有很多。,89.32,Positive
负责人访谈整理.txt,河北行唐龙洞村,园区负责人,红薯的话，得看它卖多少钱。贷方说，若市面上卖两块钱一斤，一天只能卖100斤，但在网上可以低价到一块四至一块五，一天能卖1000余斤。农民也有自己的想法。,83.53,Positive
负责人访谈整理.txt,河北行唐龙洞村,园区负责人,谁都会有目的，我的目的是快速卖完上线的红薯，所以价格会压低点。若货也不多，就会自己去卖。我们记住，我们是帮扶，不是义务，我们抽的肯定不多，不管是谁，他们心甘情愿让我们帮他们销售，若任何一方不满意，就不会合作。,91.84,Positive
负责人访谈整理.txt,河北行唐龙洞村,园区负责人,包括平台，不管卖谁的货，以前抽十个点，现在抽十五个点，对不对？每个平台都有规则，周瑜打黄盖，因为什么？,7.05,Negative
负责人访谈整理.txt,河北行唐龙洞村,园区负责人,这个我倒是真不知道，他永远是因人而异，每个人出发点不一样。如果是一个贪官，我帮你们卖，你们得怎么着我？如果是一个一心为民的官，你们有什么需求我会想尽一切办法去帮你们。人和人是不一样的，就算是他们要抽一抽，他们也不会跟你说。,95.64,Positive
负责人访谈整理.txt,河北行唐龙洞村,园区负责人,所以说你问的这个问题，他会问你有没有不会的，我们是怎么怎么做的，除非是纪检的人过来说没说。,95.13,Positive
负责人访谈整理.txt,河北行唐龙洞村,园区负责人,每个产品在市场上都有一个定位，卖红薯的直接可以在平台上搜索红薯。,99.38,Positive
负责人访谈整理.txt,河北行唐龙洞村,园区负责人,别人卖的是多少钱，多少钱？你得跟着别人差不多，你不能特别离谱，比如红薯我要卖3万，那不行。你红薯就卖一毛钱，你不得赔，这样那肯定不行。,0.71,Negative
负责人访谈整理.txt,河北行唐龙洞村,园区负责人,对，看看我卖一单能够挣多少钱，人工费、物流费是多少？利润点我一单如果挣1块钱，我可以分给你一毛两毛。如果我一单挣一块钱，我送给你七毛八毛。,2.57,Negative
负责人访谈整理.txt,河北行唐龙洞村,园区负责人,快手有快手考虑的方向，他们会有一个生态的平衡，交往不超过1万个。但是平台还会留一千个当备用，真正在市面上流通的也就八九千、七八千个。而且快手租给别人，是盈利性质的，你每天必须投流达到多少钱，我才让你用。,96.97,Positive
负责人访谈整理.txt,河北行唐龙洞村,园区负责人,但是平台和我们合作，我们的目的是为了帮助他，为了咱们村里的老百姓。他们给我们是零，他们是为了赚钱的，你不能说人家花了3.8亿还能给你用？,16.04,Negative
负责人访谈整理.txt,河北行唐龙洞村,园区负责人,所以说现在这些是我们老板正在想办法跟快手那边对接，也是希望快手如果再多给我们点账号就好了。,97.22,Positive
园长访谈.txt,河北行唐龙洞村,园长,不，因为说的实际一点，因为目前来说在平台上用自己的平台数字人卖货的就快手，别的平台没有。我说的直接一点。他们自己目前与快手这个平台。第二，我们一路走过来，快手他比较接地气，包括我自己本人也是快手的乡村振兴官。然后呢，（快手）一路跟着我们残疾人就业的步伐过来的，能给我们全面的帮助。而且我们总觉得他比较适合残疾就业，从各个方面都比较重视，对于残疾人的人性的关怀，尤其快手在众多的企业里边是不一样的。快手这边又建立了社会的责任部，所以我觉得他们这种更适合一些。简单点说，全网全平台，抖音也好，快手也好，百度也好，视频号等等，快手率先成立了数字人部门，研发了首批的数字人直播，从技术方面他们也比较成熟，目前别的平台也没有属于平台自己的数字人，也就他们（快手有）。那对于目前数字人这一块，它有两种嘛，一个是平台自己的数字人。另外一个就是克隆（数字人）。我们也是跟好多的电商、科技公司合作。残疾人他们想着做直播行业，但是有聋哑的，有语言表述能力不好的，他们的残疾程度等等都不一样，所以针对这个问题（我们）也是克隆过我们自己的数字人，我们也让一些沟通能力不好的残疾人小伙伴克隆。但是目前从各个平台来说，他并不支持这样的数字人直播，相对来说流量各方面管控的比较严。快手的不一样，他自己的数字人，他们管的就比较细一些。,97.74,Positive
园长访谈.txt,河北行唐龙洞村,园长,而且他这个平台比较比较有温度，这么多年我们一路走过来，他们一直陪着我们，从不同岗位给我们支持，包括一些纯公益的，像河南水灾的时候，他们就捐了500万，专门给残疾人就业的区域。所以他们对于这个群体比较重视，这也是我们一直跟过来的原因。而且快手从脱贫攻坚的时候到现在的乡村振兴，紧跟着国家的政策方针走，他们从脱贫攻坚就选出全国典型脱贫攻坚的代表，到乡村振兴又推出了乡村振兴官，包括我本人也是乡村振兴官之一。所以他比较关心农村现状的发展，以及农村人群的就业。那刚好我带领的残疾人也都是大家管理的比较少的，是农村最底层的残疾人。残疾人的群体比较多，全国8000多万，在农村占了三分之二。农村残疾人的就业生活始终是全社会面临着一个难点，所以这也是我们跟他们走的比较近的原因。而且目前来说他们研发的这个数字人，这个电商带货，我觉得对于残疾人来说很适合。,99.97,Positive
园长访谈.txt,河北行唐龙洞村,园长,人家数字人不用试，人家总共就投入了1万个数字人，再多了不放，就是为了让所有平台维护它的平衡性，所以就弄了1万个数字人，这1万个数字人对于快手来说，它是不需要试的。他给我们这些人只能是说人家承担了更多的社会责任，关注弱势群体，因为账号不需要试。像厂家，商家这些账号线路根本就不够，它就释放不出来，账号就给不到我们。就是因为关注这个群体，我们提出来以后，人家才尽可能的给我们做了一些清讲（这里没有听出来），是这么回事。,97.43,Positive
园长访谈.txt,河北行唐龙洞村,园长,长期的，对于我们的帮助都是长期的。一直跟着他走，除非快手这个部门没有了或者产品取消了，要不然就会一直走下去。,99.94,Positive
园长访谈.txt,河北行唐龙洞村,园长,这个没有吧。你看快手平台，人家本来就是一个企业，企业当然以盈利为目的，他跟各个企业之间的合作应该都是按正常快手的流程走的。据我们到现在了解，没有走特殊渠道，没有开这样的端口。（快手）对于我们帮扶应该算是很特殊的吧。,94.49,Positive
园长访谈.txt,河北行唐龙洞村,园长,对，因为他一直关注着这个群体，这么多年从没有数字人，他们就在尽总部的一点一点的能力尽可能的帮我们。所以我觉得他更是注重了承担社会责任，说明他这个平台是有温度的。,99.86,Positive
园长访谈.txt,河北行唐龙洞村,园长,对。因为第一残疾人就业，农村里边，拿行状来说，在我们园区场地就这么多，容纳的残疾人也就在七八十人，已经饱和了。持有残疾证的有11984人，来不了园区的残疾人怎么办？所以根据这个情况，我们在各个村里边设了大量的乡村振兴，以村委会为基础，小型的基地。比如村里边，他就村委会牵头，村里的留守妇女，残疾人以及残疾人家属都可以去做类似于手工加电商这样的工作，壮大了村集体经济，解决了村子里边一些没有劳动能力就业的人员的增收。我们做这个项目，快手给我们提供这么一个平台，我们主要就是用在了乡村振兴村里的集体的发展上，以及残疾人的就业上。,99.56,Positive
园长访谈.txt,河北行唐龙洞村,园长,可以。我们行唐不是有一个村做的挺好吗？今天中午（某个地方的）支书刚走吗。他们在那边目前运营的30个账号，基本上解决了村里50个留守以及残疾人一家的工作就业。,99.49,Positive
园长访谈.txt,河北行唐龙洞村,园长,他直接对接我们，快手不跟别人对接，我们针对于快手。因为快手他没有那么大的时间跟精力，比如他就单纯给我们数字人账号，数字人还需要运营，账号需要运营，怎么说能多卖货，怎么来做脚本，怎么来培训，那就需要我们这里，比如赵老师带着团队一点一点培训。像他是不针对快手，快手不提供这样的。,75.07,Positive
园长访谈.txt,河北行唐龙洞村,园长,跟我们合作的技术公司有这样的那个能力，现在我们能克隆出来自己本人的数字人。但是不考虑在各个平台进行销售，因为目前来说他那个（技术）不是太成熟完善，尤其是再加上平台流量以及其他方面的一些约束，所以我们觉得目前还不成熟。像作这样的情况，我们只能就倾向于宣传，也许这是人工智能ai 后续重点发展的方向了。后期如果发展开了，也许我们会克隆我们自己的数字人，走向各个平台，跟我们的真人主播一样，去实现直播带货。目前还不成熟，因为在平台上，第一没有流量的支持，第二目前各个平台（除了快手）原则上不支持数字人卖，他会判定为是无人直播或者录播。所以说你开始卖货的话，他流量各方面都达不到，还会造成各方面的违规。随着人工智能的一个发展，各个平台政策方向，也许后期放开了，那么我们会考虑，克隆我们自己残疾人去在各个平台实现直播带货。因为我们自己的残疾人更多的，是想着能够从他们身上看到我们身上的那种骨子里，不信命，不服输的精神。因为每一个残疾人都是靠自己的努力而活的，他们不是求可怜。,99.02,Positive
园长访谈.txt,河北行唐龙洞村,园长,村委会考虑不考虑，这肯定是我们面临的问题，因为我们必须要承担当地土特产销售这么个职责。但是到目前来说，当地土特产也资质不成熟，如果他要符合平台的资质要求，我们会各方面都适应消费者，去做链接，做店铺去推广。我们用数字人，哪怕推点流，去推广我们自己的产品。但是目前还没有那么完善，所以目前针对于农村的土特产，我们还是采取真人直播的形式在推。我们也是一边走一边看。,99.76,Positive
园长访谈.txt,河北行唐龙洞村,园长,我们卖的产品目前都是快手平台的货（快手小店，快手平台），因为毕竟这些货从品质，各方面都已经很完善，安全质量问题基本上没有。再一个平台上的这些货，对于我们残疾人来说，能省去客服、物流。目前我们没有把这一块介入，这都是厂家发货，所以对我们残疾人这个群体来说也好，刚好适合。目前（像）他们完整的一个产业链还达不到要求。,99.95,Positive
园长访谈.txt,河北行唐龙洞村,园长,对，目前都是。,87.02,Positive
园长访谈.txt,河北行唐龙洞村,园长,他解决了就业，也解决了农产品，壮大了村集体经济。村里边没有经济收入，村子里边怎么往下生存呢？两个最难的项都解决了，但是农产品销售不是说我们没做，目前我们还没有使这个（数字人）做，但是我们目前我们的真人直播在做。后期也是我们做数字人，做农产品的关键点。比如说我们这边觉得这个产品成熟，我们自己会拿出来一组号（10个、20个）专门打标签，做农产品销售的标签去卖。,99.96,Positive
园长访谈.txt,河北行唐龙洞村,园长,你们了解的数字人助力于农产品销售这一块，不能说按我们标准来去衡量这个数字人助力农产品销售的范围有多广。因为第一，我们目前仅仅使用了快手的女娲数字人，他是在快手平台去售货，并没有说就得全方位的去卖土特产品，因为土特产品的局限性与数字人销售的局限性。而且在快手平台，他们卖货一般都是靠的搜索流量，他都是零粉丝带货。比如用数字人卖方便面，我们一搜索方便面，也许数字人就出来了，我也不管他是谁卖就下单了。但目前来说各地的农产品上边没有搜索流量，所以销量会很少。等人工智能，数字化ai化更深的发展，后期也许我们就会走到村里边，用我们自己克隆的数字人做销售。目前来说，据我所知，数字人直播带货并不仅仅是快手的女娲数字人达不到，平台数字人带货都不是支持阶段，没有达到那个程度。我们也策划出了很多接下来运行的方案。比如提出ai村支书，后期让每一个村支书克隆自己的数字人，帮助老百姓实现农产品的销售。这套方案我们已经做完了，但是到现在为止还不适宜往下推广。像您说的，“随着人工智能ai时代的到来，数字人直播带货去助力农产品销售”，我觉得它肯定是将来发展的趋势，也是很重要的环节。但是目前来说，他各个方面还不是太成熟完善。,99.88,Positive
园长访谈.txt,河北行唐龙洞村,负责人,对，所以说我们一定要听明白是助力，不是代替。,84.51,Positive
园长访谈.txt,河北行唐龙洞村,园长,因为现在各方面它还不是太完善，但是像数字人、人工智能ai的发展对后期农产品的销售绝对是很大的帮助。也许后期它会成为发展、甚至是直播带货的重点方向。数字人助农会是一个重点的方向，但是到现在来说，目前这个各方面的条件之下，他还不适合。因为你们给我发信息的时候，我就说我们做的女娲数字人，截止到目前，他还只是一个平台出的数字人而已。而且我们这个数字人只能在快手平台来做货。如果我们有合适的农产品，觉得它的性价比各方面都比较好，也许我们会拿出来十个账号，甚至前期靠微付费、投流的形式，把这些账号养起来主要用于助农，这个快手也允许，也不是说不行。但是到目前我们是考虑到方方面面，所以我们目前没有拿出来这样的账号去做农产品销售。,99.12,Positive
园长访谈.txt,河北行唐龙洞村,负责人,包括上午的时候，就是你们问到相同的问题，我也给过你们答复了，就好像猕猴桃它不是一年四季都在树上面长的，它是有季节性的，所以说如果它不长了，我们卖不了，我们号就空着吗？也不行，对不对？所以我们是根据不同的季节，去换不同的品。,97.64,Positive
园长访谈.txt,河北行唐龙洞村,园长,目前我们主要考虑的是先解决就业问题，而且在农产品销售过程中，对于我们来说为啥把就业放在第一位？就业是最大的民生，但是就业和农产品销售，其实我们同时在走。因为我们就业是用了女娲，但是更多的真人直播是卖的土特产很多，像我们的小主播，像我们新浪小米专场了，我们都在做真人直播带货。所以目前就是不分哪个是数字人还是真人卖农产品，适合哪个，我们就在省劲、省时、省力的情况之下去做了合理的分配。,99.93,Positive
园长访谈.txt,河北行唐龙洞村,园长,是，你助农并不一定非让老百姓的土特产走出去。家里边有收入了，也是解决了他的一部分（问题）。好多时候农产品走出去是一方面，但是你解决了就业，家里的环境好了，他能有生存，可以生活过得更好一点。并不是说非得我卖了多少产品是吧？再一方面，快手的女娲没有强调人家那个号就不能卖农产品，它是可以卖的，但是农产品的局限性，再加上使用起来的局限性，所以我们暂时用真人做了助农，用数字人做了销售和就业。,99.92,Positive
园长访谈.txt,河北行唐龙洞村,负责人,目的是一样的，方法不一样而已，所以我们不要老挖一个点。,89.9,Positive
园长访谈.txt,河北行唐龙洞村,园长,后期数字化、人工智能、ai走到农村，直到田野里头，肯定是它发展的一个方向。,99.43,Positive
园长访谈.txt,河北行唐龙洞村,园长,你们问的时候，我说我们做的是女娲的数字人，它的面比较窄，但是并不是说不能做。但是也许半年以后，数字人走到田间会成为常态。现在发展的很快是吧？平台也在不断的改变。,99.56,Positive
园长访谈.txt,河北行唐龙洞村,园长,他们那边暂时不方便，你就跟我说吧。因为他们数字人承担社会责任，他们也是作为残疾人就业的负责人。我这边也是跟中残联，以及在国家几个部委支持的情况之下，给我们开的特殊的端口。肯定他那边有的时候不方便了，但是对于我们就业这一块人家做得很到位，专门给我们成立专门的团队，来负责他的一个问题。比如直播当中出现的问题，或者哪有一些不会的，都会给我们及时解决。具体的联系方向，他们也不清楚，因为他们只针对我，我代表残疾人申请女娲数字人，就这样一个对接。对他们来说就是考虑承担社会责任，能给残疾人提供更多的就业岗位，他们没有想别的。那回来以后走到村委会助农，走到村委会，这是我们双创园的运营模式，跟快手没关系。,99.82,Positive
园长访谈.txt,河北行唐龙洞村,园长,快手也好，科技公司也好，人家只要能跟双创园，跟助残、残疾人挂在一起，肯定都有这份大爱，愿意承担企业该承担的社会责任，这是肯定的。但是人家在帮助残疾人的同时，也得有盈利点，不可能成天企业献爱心助残，成天不挣钱，亏着钱去助残，那也不现实，企业走不长久。但是人家在选择助残路的时候，肯定就心存这一份大爱，有这样的善意，愿意承担社会责任。,99.93,Positive
园长访谈.txt,河北行唐龙洞村,园长,有一部分免费的，也有一部分优惠的。但是在助残领域里边，跟同等的市场价肯定是差的多。,15.94,Negative
园长访谈.txt,河北行唐龙洞村,园长,对，因为课本知识跟实际的运营过程肯定是有偏差的。但是你们的这个方向，研究的数字人如何助农（助力农产品销售）。我觉得你别依托于我们，我觉得你可以按你们整体的研究方向的内容去走。第一按现在的分析，农村数字化、人工智能ai 助农肯定会成为一个趋势。在这样的情况下，节省了人力成本是必然的。就按我们现在（实际情况），节省了大量的人力，物理，财力，这是必然助农。第二，比如现在我们做一些文案，在直播过程当中（像赵老师）会搭建直播间，会做脚本对吧？又比如主播奖品怎么样？那像在做脚本、奖品的过程当中，我们都可以用到像Deepseek或者是ChatGPT直接做脚本文案。它会直接出来很接地气（的脚本文案），所以你（可以）围绕这个方向。我觉得你可以从它的优势你们去做分析，节省人力，物力，财力，而且它在用于残疾人就业。比如我们残疾人在做脚本的时候，有很多残疾人没有文化，都是小学毕业，那这样的人工智能的融入，就让我们做脚本出来的脚本很适合。这就是给我们残疾人就业赋能，那他做出来的脚本你比如说将来直播带货，走到农村，是绝对能销出去的。如果平台不加管控的话，我们现在拿出来几个账号，专门做矩阵，他不可能卖不出去，所以跟你们的研究方向不冲突。你没有什么三方合力，几方合力，我们可以直接用于助残。但是你也可以三方合力，肯定离不了政府的推动，政府对于这个群体的关注。肯定是政府加企业，再加上老百姓、残疾人。这不就是三方吗？缺一方也不行，就是这样一个情况，对你们的发展方向也不重要，就看你们怎么规划了。,99.96,Positive
农户3.txt,宁夏银川保南村,农户,农产品这一类的，一般都说得不算好，就是，你想说说家乡话，也能说，ai 也能说方言。,93.72,Positive
农户3.txt,宁夏银川保南村,农户,相对比较多吧。,18.12,Negative
农户3.txt,宁夏银川保南村,农户,几十几百都有。底下大家观众会给他发一些消息。,85.56,Positive
农户3.txt,宁夏银川保南村,农户,还真没有注意。,0.34,Negative
农户3.txt,宁夏银川保南村,农户,看情况，其实我没有这方面的想法。那得看看，看看今后发展的趋势吧。,90.84,Positive
农户3.txt,宁夏银川保南村,农户,有必要肯定会学，肯定会参与的。,92.4,Positive
农户3.txt,宁夏银川保南村,农户,没有什么特别的特色。所以说买的也不是村的，你要问收入的话，那就是没有。,5.25,Negative
农户3.txt,宁夏银川保南村,农户,推广方面，较小。,5.99,Negative
农户3.txt,宁夏银川保南村,农户,政府解决方案好像没什么。,2.93,Negative
农户3.txt,宁夏银川保南村,农户,政府对直播助农这一块好像也是没有。,82.25,Positive
农户3.txt,宁夏银川保南村,农户,暂时影响不大。也算是摸索阶段。,96.23,Positive
农户3.txt,宁夏银川保南村,农户,如果要是发展成熟的话，肯定对这双方，对吧？有一个很好的一个互帮互助的一个作用。当然现在只是尝试阶段，那以后啥情况也不好说。,98.95,Positive
农户3.txt,宁夏银川保南村,农户,传统人的直播可能就是因为他是真人在里面直播。,16.96,Negative
农户3.txt,宁夏银川保南村,农户,那肯定就对一些问题情况都比就能快速的回答，对吧？然后但是ai这个东西嘛，它毕竟是个机器化的，机械化那种的，然后他可能对，就是情绪方面回答问题，这一些反正各个方面呢，我觉得肯定多少会有一点滞后之类的吧，首先情绪化，情绪价值肯定够不到，所以说的话可能ai对以后，对就业应该也会有影响的吧。,13.86,Negative
农户3.txt,宁夏银川保南村,农户,其实我觉得条件有允许的情况下。还是有的，还是肯定好，对吧？慢慢的，确实就这样，那走在每个村的前面肯定很好，对吧？,86.36,Positive
农户3.txt,宁夏银川保南村,农户,首先俺们村是第一个有用这方面技术的人，对吧？实施下肯定更好给你，对吧？,97.52,Positive
农户3.txt,宁夏银川保南村,农户,那以后弄得好的话，其他村肯定效仿的。,95.09,Positive
农户3.txt,宁夏银川保南村,农户,慢慢应该会往这方面发展吧？,99.83,Positive
西安村.txt,贵州省泮水镇西安村,经理,目前我们主要采取的是一件代发的模式，整体流程相对比较标准化和平台化。具体来说，就是农产品会先集中到我们自己的仓库，由我们进行统一的收货、分拣和发货，这样可以保证物流效率和产品质量的稳定性。在选品方面，我们既会考虑各个村庄的特色农产品，也会结合市场需求和销售表现来做综合判断，并不是单纯按照某一个标准来决定，而是在特色和市场之间寻找一个平衡点。,99.78,Positive
西安村.txt,贵州省泮水镇西安村,经理,我们一般会从产品本身出发，比如产品文化、属性、适合的人群等这些基础信息，然后再结合直播间的热场话术、引流话术以及促单话术来进行整体设计。在实际操作中，也会适当融入一些乡村背景，比如产地故事、种植环境等内容，让观众更容易产生信任感和代入感，从而提高转化效果。,99.73,Positive
西安村.txt,贵州省泮水镇西安村,经理,在目前阶段还是以邀约合作为主，百度那边有自己的市场发展专员，会根据企业情况筛选合作对象。符合条件的企业会收到他们的邀约，然后双方再进一步沟通合作内容。整体来说，这种合作更多是平台主动推动的，我们这边主要是配合完成具体的落地执行，包括直播间搭建和内容准备等。,99.68,Positive
西安村.txt,贵州省泮水镇西安村,经理,主要还是互作共赢，补缺短板。一方面平台需要拓展内容和应用场景，另一方面我们也需要技术支持来降低直播门槛，所以双方是一个互补关系。,99.19,Positive
西安村.txt,贵州省泮水镇西安村,经理,主要还是利用现在的智能AI工具，再结合我们自身的直播经验来设置回复。一方面会参考已有的成功案例，另一方面也会根据实际直播过程中用户的反馈不断优化，让回复更加贴合用户需求。,99.64,Positive
西安村.txt,贵州省泮水镇西安村,经理,毕竟是AI，感情表达还是无法做到真人一样。比如在一些需要情绪带动或者临场互动比较强的场景中，数字人目前还不太容易完全替代真人主播，这一点在实际应用中还是比较明显的。,95.35,Positive
西安村.txt,贵州省泮水镇西安村,经理,培训一般是结合线上和线下的形式，同时也会提供一些直播案例供大家参考学习。整体来说，对人员的要求不算特别高，即使之前没有接触过直播，通过培训和实践也是可以逐步上手的。,99.17,Positive
西安村.txt,贵州省泮水镇西安村,经理,我们是在百度平台上进行直播，我们负责具体的搭建和运营，百度这边主要提供平台和技术支持。在费用方面，平台会收取一定的手续费，整体是一个比较常见的平台合作模式。,98.44,Positive
西安村.txt,贵州省泮水镇西安村,经理,香柚是我们第一例比较成功的案例，在比较短的时间内就销售了几万斤。通过直播这种形式，可以在短时间内集中曝光产品，确实对农产品销售有比较明显的促进作用。,99.23,Positive
西安村.txt,贵州省泮水镇西安村,经理,主要是利用产品的溯源地来进行取景，作为直播间的背景画面，同时结合以往直播的经验，模拟一次完整的正常直播流程。在这个基础上进行拍摄和制作，最终形成AI数字人直播内容，让整体呈现更加贴近真实直播效果。,98.68,Positive
书记稿.txt,宁夏银川保南村,书记,一定上数字人直播只能是一个辅助，他不可能是一直用数字人直播，抖音会后台检测，如果数字人一直在用，他会封你的账号。所以说前期我们之前做的时候，一直是真人直播，播一到两个小时。AI数字人去播两到三个小时，这都是最多的。,91.2,Positive
书记稿.txt,宁夏银川保南村,书记,所以一般情况下都是真人加上这种辅助，所以有时候他那个抖音后台会检测，如果有ai数字人的后就把你的账号给停播。因为之前我遇到一次我转发，我用那个账号转发我们金贵镇的一个招商信息，我们现在金贵镇定位的是康养文旅休闲小镇，然后那边有一块休闲旅游带，正在招商嘛，我们镇上发了一个招商信息。我就给转到我的那个账号上去了，结果被抖音给封了一个月，说是我们发布没有核实的招商信息，然后就以这条把账号给封了一个月，封了一个月，所以那一个月时间我们就没有动，也没办法申诉了之后。,1.32,Negative
书记稿.txt,宁夏银川保南村,书记,我说我们转政府部门，政府机构的展览会，人家还是不行，说没有经过核实，所以那一个月我们也就没办法，没有用那个账号去给那个村民做那个推广。我们就给我们用我们个人的账号去直播去做的那个推广，所以现在这个ai数字人这一块就是把大概情况给你说一下，让你们有个了解。现在这个企业给我们的支持也在我们的助农直播间，在我们的金地街上，那个红绿灯，红绿灯刚过来，红绿灯左转，有一个我们保南村集体的一个保南大，在保南大集里头，我们设的一个金贵镇保南村第一书记助农直播间。,99.78,Positive
书记稿.txt,宁夏银川保南村,书记,这是我们整个村上的，就是我们直播间的一个情况，我们村集体这一块可能您不太了解，我们这块在全镇来说，我们保南村可能还是一个经济体发展比较弱的一个层面，一个是没有产业，一个是没有经济收入。第三个是我们整个这一块的发展较其他乡是比较弱的。所以我们在去年年底，就是我村的村集体人员进行了一个调整，一个调换，去年年底做了一个重新的一个安排，所以说是我们，也就我也是村里去年年底才回来的，那就算回来完了之后。,99.54,Positive
书记稿.txt,宁夏银川保南村,书记,我们想着正好保南大集也是我们去年年底招的一个商，在那边落地，整个把我们村集体的将近有十亩地的一个大小的一个地方做成了我们一个特色的一个文旅加休闲旅游小吃的一个大企业。到时候我带你过去看看，我们那边直播间就在那边设的，借着那个机会，我们就把那个，当时他们建成以后，那边有多余的房间，我们就让留了一块，这是直播间的具体情况。,99.98,Positive
书记稿.txt,宁夏银川保南村,书记,然后去年我们可能是回来之后，我们这边政府也比较重视，在我们回来之前就投资了将近700多万，在我们原来的宝安小区，我们小学那个地方建了一个帮扶基地，就是一个大车间，大库房。去年年底回来，我们也是去招商了，招了一个那个牛羊肉，我们宁夏的牛羊肉风景不是我们宁夏滩羊比较有名嘛，然后我们就等会我们去那边去，也将尽快投产了，他们也是做电商直播这一块的。现在直播间的这块也已经建成，他目前已经在用于在直播，然后呢，牛羊肉分拣车间呢，目前还正在建设，等会我们再一起去看，他直播间的名称叫滩羊娃。,99.98,Positive
书记稿.txt,宁夏银川保南村,书记,马彪他那个直播间的粉丝量在我们宁夏那块也算是比较不错的，就是做这个产品直播这一块，他有将近80万的粉丝，他一年的直播销售量大概在五千到6000万。他已经是我们宁夏算是牛羊肉这个销售的一个很不错的一个企业了，原来他好也是我们保南村的人，回来之后我就跟他们联系，有想回来的想法了就回来看一看。,99.93,Positive
书记稿.txt,宁夏银川保南村,书记,最后我们领导领导都在谈了，谈了好几轮，最后就他确定了，我们就召回来，到回来目前也在建设，这个可能你们也比较感兴趣，他们每天下午是五点钟直播，五点钟第一场是做羊肉的直播。然后到八点钟开始，到晚上12点做的是牛肉的直播，等会赶个五点左右我们去他直播间，他们就开始了，可们去看一下他直播间装修的也挺有风格，这就是我们整个两个产业也不算是产业，就是我们两个招商。,99.95,Positive
书记稿.txt,宁夏银川保南村,书记,去年今年底落地的两个市场，两个企业的情况，还有一个就是我们前期还有一个保南大院，是我们村集体资金建设的一个，也就相当于那个农庄农家乐，那个农家乐里头也提供的是各种有特色一点的那个小吃的。主要还是吃喝玩乐，那么这就是我们保南周边这几个有特色一点，我们村集体上算是我们村集体去年招的一些产业落地的一些东西，还有我们这个村部西边将近有500多亩农村集体流转的土地。,99.93,Positive
书记稿.txt,宁夏银川保南村,书记,今年是种植的小麦，青储玉米，小麦和玉米，这是我们去年流转回来的500多亩地，目前前期可能中了种了点生菜，六毛的生菜，可能价格不太好，最近价格不太好，卖不掉，我们也没办法。只这两个颜色去赶紧收拾掉，我们再种下一场做那个甜玉米，糯玉米，我们应该经常吃，我们最近可能今天下午弄完之后就要种，你们来得还是稍微有点早，如果七月份赶在中旬，我们麦子能收的时候。,98.51,Positive
书记稿.txt,宁夏银川保南村,书记,那个时候过来给他看，现在绿没有黄，我们小麦种完之后，我们计划种的是经济作物，像紫甘蓝，我们的紫甘蓝你应该知道，紫甘蓝种点，重点蔬菜，重点经济作物，到时候卖后负重。我们再种点其他的东西，这就是整个我们保南村整个这么一个村集体经济的这么一个收入，那我把我们保南村其他大概的情况再给你介绍一下，我们是一个回族聚集地。,99.62,Positive
书记稿.txt,宁夏银川保南村,书记,我们村80%都是回族，只有20%的汉族，我们一共有十一个社，从一社到十社，还有一个14社。原来一共从一社到14社都有，中间把两个社就合并，合到一起去了，所以从一社到十社。现在还有14社是一个社，我们现在一共是1196户3096人，这是我们整个村的有这么一个情况。,81.16,Positive
书记稿.txt,宁夏银川保南村,书记,然后回族占大概占据百分之80。,97.11,Positive
书记稿.txt,宁夏银川保南村,书记,所以现在就是我们村级里现在也在谋划，因为现在你们可能也知道我们村这一届老龄化也比较严重，年轻人都不愿意回来。老年人就守着点地去种，到时候看有时间我带您去我们10社，因为10社这是一个种植蔬菜的一个传统的一个村，因为他们之前种的，是在我小时候，我们那一片就全种的是韭菜。冬天呢，就早晨去弄起来，晚上再去就种韭菜，当时我们那片种植的比较多，这最近将近有十年时间，他们就转型种小的叶菜，比如说菠菜，生菜，油麦菜，香菜，还有我们个别的豆角，豆角豆长一点，宽一点，应该吃过，就那个东西，这两年转型种这个菜，通过这几年转型，种完之后也有出现一个问题，时间长了以后。我们的地可能是土壤有些问题，种的一个菜渐渐地就是有黑坑的现象，这菜出病虫害的现象，这边现象都比较严重，所以近几年种菠菜呢，也是出现一些问题。从去年我回来之后，因为当时我们这个车间没有冷库，如果有冷库的话，我们就把那个项目弄到这边去，有一个小番茄玲珑，引进了一个企业去，去年年底给落到银河去了，我们保南村旁边的那个村，因为人家那边有库房。当时场地也比较合适，就落到那边去了，本来我想没有落到这，我们整个把保南村特色的种植产业给他，给他重新变化一下，让村民们也有一个其他有经济收入比较高一点的经济作物。,99.62,Positive
书记稿.txt,宁夏银川保南村,书记,因为这个小番茄，去年我们把我把那个企业引过来之后，他们给签的跟农户签的保底收购合同，他们目前的模式是把秧苗给农户，包括村集体，你先种他不要钱。你先去种，种好之后，果实上来之后，你就从果实里头的钱去把这个对扣掉，他前期所以说前期你也没啥风险，也没啥投入，那么他跟你签的收购协议，我保底价，第一茬是一块五，最底下一斤一块。,99.15,Positive
书记稿.txt,宁夏银川保南村,书记,最底下那一茬果，因为它品质不是太好，就最低价也是一块五，从最底下一层往上保底价是三块五，所以说这个对大家的，那个就是收益上，收益上确实也是一个保证。那么前期也是各方面原因吧，我们村上面种植的很少，那没办法，我就带头去种了几盆，我带头去种了三棚，种了三棚，我们村上其他村民也在观望，所以说今年我就先种了一些，让村民们也看一看。到时候我们算一下收入到底这个东西能不能种，他们就有一个心里就有个底了。,99.95,Positive
书记稿.txt,宁夏银川保南村,书记,目前我们村没种，但是我们通过其他村做工作，像我们银河村种了将近有60多亩，旁边我们北边的银光村种了将近有60多亩，还有连心从那边走，连心村种了将近有30多亩，我们江南新村，江南新村是我们一个移民村。移民村江南新村种了将近有130多亩，整个下来还有通昌村，整个下来今年种了将近有300多亩。300多亩人家当时候来这边给我们提的是我可能需要的量在500亩左右还没达到，但是300亩人家也刚刚好，今年够收，所以人家就今年就把这些先种起来，种起来，到时候了先做。,99.8,Positive
书记稿.txt,宁夏银川保南村,书记,然后电商这块还有一个我们比较好的基础，就是我们银河村有一个枸杞芽茶，不知道你听过没？枸杞苗，枸杞苗它不是长这么高，长这么高之后。它不有这么的嫩芽吗？,99.55,Positive
书记稿.txt,宁夏银川保南村,书记,他把那个嫩芽摘下来以后，他可以做枸杞芽菜，还可以做枸杞芽茶，把那个茶炒了之后，它有个安神的作用，不像我们普通喝茶，你喝着了之后比较兴奋，睡不着觉，但是我们这个枸杞芽茶呢。是具有一个安神的作用，睡能睡个好觉，这个作用，我们启明枸杞芽茶公司也是在做电商，他的电商也算做得比较好，我们后面那个银光村的那个一家人，山上一家人那个牛羊肉，他是把那个牛羊肉做成我们熟食产品。,99.98,Positive
书记稿.txt,宁夏银川保南村,书记,比如说牛肉，臊子，臊子面，还有我们整个先切卤出来的牛肉，羊肉，整个在我们打好包装直播间去销售，我们直播间也有，我们直播间也有，他们自己也在做直播，也在做电商直播，他们每次那个小姑娘在。他每年网上的销售量可能是大概有个十来万左右吧，十来万左右他们比较规模比较小，再就是我们连心从那边帮助基地，他们去年也是在做电商，他们电商主要销售啥呢？,98.3,Positive
书记稿.txt,宁夏银川保南村,书记,也是我们本地的农产品，比如说铃木长枣，他们从那边进过来之后，从这边也是网上电商去放货，今年没见，今年估计没过来，车间还空着，然后我们周边几个村呢，还有再远一点的金贵村，雄英，从潘城村，江南村，通昌村这几个村其实各有特色。他们以种植业，还有我们的养殖业，还有像我们比较大的就是通昌村的那个地方，因为地比较大，通昌村去年是我们给联系了500亩，就是我们银河村这个枸杞芽生产基地，他们在那边种的枸杞芽。,99.7,Positive
书记稿.txt,宁夏银川保南村,书记,到时候采摘就在通昌村，所以说那边他们种这边进行加工生产销售，在带动就业这一块，反正也是不错，每天像今年的四月份种植那个枸杞芽苗的时候，那500亩地上每天将近有100个人在务工赚钱。所以说带动效率也是很不错的。再就看你们这一块还有啥需要了解的。,99.95,Positive
书记稿.txt,宁夏银川保南村,书记,因为我前期也接触过，像去年就升起了一股ai风。,94.03,Positive
书记稿.txt,宁夏银川保南村,书记,现在升起的ai风正好呢，我们认识那个朋友呢，他们也是在做这个ai智能人工这一块的，然后我还去了他们组织的一场ai人工智能培训的这么一个课程，正好去了，然后我就跟他们聊，他们说这是一个好想法。你来，我们支持你，你就去做，当时一谈一说，他们就把这个技术就给我们引过来了，我们用了用，感觉也确实不错，后头可能因为各种原因，我们一直把这个技术在一直在用下去。,99.98,Positive
书记稿.txt,宁夏银川保南村,书记,可能后期我们昨天还跟我们驻村第一书记还在商量，不行就把这个保证金交上，把我们想办法这个直播间的有效粉丝还是花点钱呢，还是再弄点啥其他方法，把这个弄上去，到时候我们把这个以企业号去做个人号。确实局限性也特别大，局限性大，所以我们就想着把企业因为我们前期就有一个个人号，有一个企业号，企业号呢，可能我们保证金这一块交得比较多，做农副产品这边的保证金可能得一万，然后做其他牛羊肉的这个保证金可能在6000块钱，所以说每个都不一样，我们想着前期如果有资金合适的话，我们把这个企业店铺做上了，比如说我们到田间地头去直播，我们今天播生菜，明天就播香菜，后天播黄瓜，还是我们播蟠桃，还是播我们的其他产品。,99.77,Positive
书记稿.txt,宁夏银川保南村,书记,我们就可以直接在我们的企业店铺上去上商品了，上小黄车了，直接就可以卖这些，那不像现在我们个人号上比较局限。我们只能去挂抖音上的那个直播链接，只能挂，不能上我们的小商品，所以这就是一个局限，到时候我们想着后期赶紧弄好，弄好之后我们把那个数字人也直接去上到我们企业店铺上去销售上，就可能稍微好一点。因为最近你们也你们可能是对村上工作不太了解，我们也是去抽空去做这个事情，一直是村上事也比较多，所以我们也是抽个时间抽个空去把这个村上这个直播去搞一搞呀。,99.72,Positive
书记稿.txt,宁夏银川保南村,书记,做一做我们计划是明天到我们银光村去搞一场直播，他们玲珑小番茄已经上市了，我们也跟那边的书记联系好，明天早晨九点去他们那个大棚里头去做一个玲珑小番茄的，一个直播是已经跟他们联系好了。明天如果你们有时间的话，我们就一起去看一看我们田间地头的一个直播的一个情况，我们目前的主播呢，是我们保南村的驻村第一书记，那是我们贺兰县文化旅游广电局派驻到我们村的。派驻到农村的一个干部，他现在担任我们第一书记，他现在在做直播，然后我们直播间为啥打个第一书记助农，当时也是为了突出我们党建引领，乡村振兴的这么一个课题，因为现在强调的就是我们党要领导一切，我们党要领导我们村级的经济发展，所以当时我们就把题目定成第一书记，金贵镇保南村第一书记，助农直播间就定了这么一个事情。,99.95,Positive
书记稿.txt,宁夏银川保南村,书记,现在我们一共做了有十几场直播吧，第一个是当时二月份之前，我们是在直播间，一直在直播间做，当时还能挂小黄车。我们就在直播间，一直在播。,99.77,Positive
书记稿.txt,宁夏银川保南村,书记,从二月份以后呢，直播间一变化，我们就小黄车挂不了，我们就一直在田间地头，比如说我们汉族村，当时应该是三月份，四月份有一次，我们就在种的草莓棚里给他们进行直播。我们银光村水果小，红水果，萝卜水果，他们上升之后，我们就在他们的水果萝卜大棚里头做。当时他们种的那个小西瓜，还有小香瓜，上市的时候我们就在他们的棚里，在跟他们去做直播，也是线上直播的一个推广，还有我们银河村，银河村的村民，还有我们村的村民种蟠桃，水果。,99.94,Positive
书记稿.txt,宁夏银川保南村,书记,直接都是到田间地头去给他们剥，我就不到我们直播间去了。所以说每次播的时候我们都提前联系，我们直接到田里去，就不在我们直播间，大概从去年到今年我们播了，大概除不算我们在直播间播的，到田间地头播的，大概有个12到16次左右，反正每个月几乎都有。都是到田间地头去做。,8.42,Negative
书记稿.txt,宁夏银川保南村,书记,他们全程免费支持电脑软件，还有他们的东西都是他们那个直播数字人，还有他们的总部在上海。他们叫他们在这边叫琼之翼ai数字人，宁夏科技有限公司，他们鲲之翼的总公司在上海。,98.98,Positive
书记稿.txt,宁夏银川保南村,书记,他们在上海的业务，主要做ai数字赋能的这一块，不只是直播间直播，他们还在其他领域。其他领域也在做ai智能人工，这一块在我们这块，我们跟他谈的ai数字人，他们跟我们做数字人，就是谈这么一个项目，但是他们的总公司的项目比较多。不只是这个抖音直播ai数字人这一块，他们还有其他领域合作的，他们跟去培训有一个在哪个地区专门设了一个ai数字人直播基地。,99.64,Positive
书记稿.txt,宁夏银川保南村,书记,全是ai数字人直播平台里头每一个房间里头全放的是电脑，每一个电脑上就是一个电脑数字人，然后出去做直播带货在哪个地方，我忘了当时培训他们还从现场连线，现场连线的一个地方。整个那11层的直播间里头将近3000台电脑管理人员就两个人。,22.63,Negative
书记稿.txt,宁夏银川保南村,书记,管理人员就两个人，每一台电脑上就是一个ai数字人说的，他们都是在做整个做矩阵那一块，当时呢，当时看着我们还是挺震撼的，一个人都没有。全是电脑在那，所以当时这个看着挺好的，他们总部是在上海，所以说服务的这些地区，他这块是从我们宁夏走出去的，到上海又建立了一个总公司，在我们宁夏这边设立了一个分公司，他们的业务范围其实也挺广的，到时候我看明天如果有时间我联系上让哈校长过来。,99.89,Positive
书记稿.txt,宁夏银川保南村,书记,让哈校长过来。他们具体给你介绍这个ai数字人或者ai这一块其他领域的这些功能，给你再介绍一下，他是我们这个数字科技有限公司的，在宁夏这边分公司的一个负责人，到时让他过来这边做。,99.92,Positive
书记稿.txt,宁夏银川保南村,书记,提前到时候我下午跟他们联系一下，我是从年底回来之后，我就一直想着，好吧，我们这边其实种菜销路是一个最大的问题，销路是一个最大的。我也想着我们当时建立直播间的目的就是把我们农民的这些农特产品的销路进行一个拓宽，这是最主要的一个模块。这个直播间纯粹就是个人掏的钱，我们村上这块经济也比较困难，没办法，你只能是我个人去花钱把这个直播间整个一手去打造起来，包括里头的商品。,98.9,Positive
书记稿.txt,宁夏银川保南村,书记,2020年的时候，习大大去过稻鱼空间，我们跟他们也联系了。把他们稻鱼空间给这个大米面粉，甚至他们周边的油，我们现在直播间有啥有山豆子，杂粮，有米面油，还有我们周边的，就刚才那个牛羊肉，就是做好的，就是现成的牛羊肉，还有玉米最近可能不太好，我都给撤掉了，让他拿回去了。,84.01,Positive
书记稿.txt,宁夏银川保南村,书记,还有就是我们银河村的那个枸杞芽茶，八宝茶呀，枸杞芽茶，枸杞芽煎茶这些东西我们全部直播间里头都有，原本本来计划是我们贺兰山联系葡萄酒，联系葡萄酒，结果后面我们小黄车也没办法挂。然后就再没联系了，把葡萄酒弄过来，其实也是一个比较好。近期呢，我们联系了一个，也是招了一个商，在我们银河村那边建立了一个休闲旅游的一个农庄，也建得特别好，到时候我带你们先去看看，我们计划是在农庄里头，我们批一块地方。,99.6,Positive
书记稿.txt,宁夏银川保南村,书记,批一块地方，把我们助农直播间里的所有的产品都在那个游客中心做一个陈列，做一个销售。到时候如果我们有时间去那边也能播，那边到时候他已经给我们规划出来一个一片游客中心里头所有的商品，他都可以摆去摆进去，包括我们农民的产品，蔬菜水果，他都放进去。因为他那儿我们给他打造的计划的就是他整个是面向我们全银川市，到时候有一个红色的教育基地，因为红色教育基地这块，全区的人就都可以来了。,99.97,Positive
书记稿.txt,宁夏银川保南村,书记,到时候如果人流量大的话，我们那边就可以完全做一个本地的一个农特产品的一个展区，到时候大家来可以带东西就走了嘛，你比如说你们来了，到宁夏了，带点宁夏的农特产品是吧。我们到时候回去给家里人 还是跟同学呢，带点好吃的回去，都是出去出来旅游，出来玩就带点东西回去，大家都知道，带点好吃的，我们就想着把那个地方我们带点我们宁夏的特色放到那个地方。,99.35,Positive
书记稿.txt,宁夏银川保南村,书记,大家去选购的时候还能带点，就想着到时候把我们这个直播间再复制一个过去，放到那边去，大家都是那边我们做直播也可以，到那边我们的销售做那边也算是一个销路，现在就这么计划。因为当时我们想着建直播间的时候，也没想其他的，没想那么多，什么数字聊天乱七八糟的，就想着回来跟我们驻村第一书记商量。,99.71,Positive
书记稿.txt,宁夏银川保南村,书记,那我们把这个就建立起来了。因为商品这一块我们前期也是刚跟你说那些原因，没办法带了，后期我们就到农民的田间地头去，直接到田里头去宣传。,98.49,Positive
书记稿.txt,宁夏银川保南村,书记,这就当时建直播间的最初的一个想法，也没想其他的。我们能把周围村里种植的这些东西，他们有的这些产品能给他们推，当时也就是这么一个想法。,99.62,Positive
书记稿.txt,宁夏银川保南村,书记,直播效果我们第一场开播的时候，我们卖了1600多块钱，第一场，当时因为我们也是做小年的活动。,99.15,Positive
书记稿.txt,宁夏银川保南村,书记,当时候人也比较多。直播间的可能也有点吵，效果不是太好，但是我们第一场就卖了1600，其他像什么？什么像他们做直播，都过来说卖得够可以，不错，第一场直播就能卖1000多可以了。然后后头因为我们在田里头直播的时候，没办法挂小黄车，然后我就在我的直播间的那个主页，就把我个人电话号留下，到时候我们让他们就是联系我，直接到我们各个村的或者我们农民的地里头，直接来去采摘。,99.92,Positive
书记稿.txt,宁夏银川保南村,书记,然后跟我们直接联系，我们把电话留给他，直接就对接，让他们从地图直接就给发走，直接就卖走了，我们在直播间不挂，我们都把联系方式留好，把村集体的联系方式留我，把村民的联系方式留我。他们直接就跟村民去对接，就去买去了。,14.11,Negative
书记稿.txt,宁夏银川保南村,书记,本地人多一点，外头的像水果，蔬菜，这些不好运输。,95.51,Positive
书记稿.txt,宁夏银川保南村,书记,保鲜不好运输，所以说都是本地周边像银川13区两县周边的稍微多一点。,0.7,Negative
书记稿.txt,宁夏银川保南村,书记,像我们第一场直播的时候80%都是往外去的，我们当时上的链接都是企业的链接做好的，我们直接挂到小黄车上卖出去了。企业就直接发。,8.14,Negative
书记稿.txt,宁夏银川保南村,书记,我们都是帮他们去做，我们提前我们因为都谁，我还这个想法还没跟我们说。我们从车间的羊肉分解它的冷冻冷链和它的一系列物流，它都是体系都是配套都是成熟的，我们到时候想着把那个车间门头门口我们做一个小集市，类似于小市场一样，让我们商铺把他的东西都弄来。如果卖我们直播的话，有销量，有销售的话，从他那直接就发走了，他都是比较成熟的，他的泡沫箱，冰袋，包括冷链，物流，各联系的各个物流公司，中通，邮政，顺丰，京东都有，到时候如果有需要。,99.94,Positive
书记稿.txt,宁夏银川保南村,书记,售后肯定我们谁卖，谁负责。,0.59,Negative
书记稿.txt,宁夏银川保南村,书记,打给咱们，那肯定到时候销售售后我们得负责。目前我们就目前我跟我们驻村第一书记两个人在负责。,92.53,Positive
书记稿.txt,宁夏银川保南村,书记,两个人对我们后期想着把我们妇女主任，妇联主席，我们叫上把他们培训。他们去做，我们再看能招一些，想做电商这一块年轻一点的人过来，我们的经历肯定是够不着的，所以说招一点，我们年轻人想我们给你提供场地嘛，我们给你提供商品嘛，我又不让你投任何成本，你就来做，你就来卖。卖多少钱你拿走，我们是这么计划这么想的。,10.27,Negative
书记稿.txt,宁夏银川保南村,书记,我们这边菜卖得特别便宜。我们都是按亩去买的。,96.82,Positive
书记稿.txt,宁夏银川保南村,书记,对，我们这边的商贩过来之后，我们农民都是按亩去买，比如说这一块钱两亩，你给我2000还是3000块钱，我就不管你产多少卖多少钱，你给我这个钱就行，摘下来一斤下来可能就几毛钱。,0.71,Negative
书记稿.txt,宁夏银川保南村,书记,所以说我们现在这边就是卖的销路不行，卖的价格也不行，农民做得到的价钱最低的也没办法。所以说我们想着到时候跟我们这块直接把那个直接就把我们的销量把我们的价格直接跟农民商量好，我们要多少，你给我们差多少，价格就高一点，售后我们来负责，你就把价格定高点菜给我们弄。,83.38,Positive
书记稿.txt,宁夏银川保南村,书记,我们就负责打包和售后，因为蔬菜这个东西跟牛羊肉一样，蔬菜损耗特别大，如果你不及时的话，菜就烂了。,75.79,Positive
书记稿.txt,宁夏银川保南村,书记,那你回去人家吃不了，你只能退款，所以说走远处的地方还不行，走远处的地方还不行，就我们周边的可能还可以，尤其是蔬菜水果，还好一点，我们前段时间我们银河村的那个蟠桃，蟠桃上来之后，那个可能还可以储存一点，走外地走的比较多，销量也比较好，最近都可能快卖完了，前段时间我们直播时候卖的25，直播间的价格是25，采摘的价格卖的多30。,98.63,Positive
书记稿.txt,宁夏银川保南村,书记,还有奶油蟠桃味道都特别好，到时候带你去转转看一看。所以说在价格定价这一块肯定要比他商贩来地里拿的这个价格要高的，因为你像去批发市场卖的价格，跟这个价格都不一样，批发事件上商贩拿过去，到地里可能他们折下来的价格在五到六毛。,95.46,Positive
书记稿.txt,宁夏银川保南村,书记,但去市场上批发价格就在一块五到两块，所以中间就差很多的环节，很多的价钱，所以说农林这一块。是最才可以的，所以说我们想着到时候如果是能把这个做起来，我们把直播间这个价格直接给到农民去，我们可能中间我们去定价完之后，这个钱直接就给到，我们就收一个成本价平台的扣点返点的这个价格。我们把其他人工包装包材这些去掉。,99.62,Positive
书记稿.txt,宁夏银川保南村,书记,你可能不知道你从那个抖音上看，他们做那个直播间都是我们老百姓的土特产品，他们那边山区山货比较多，干货比较多，那个更好卖。不存在说是我们这些新蔬菜是他们那边都是抽号，比如说今天有30家来卖，我提前让你们抽号，谁第一个上谁第二个上谁第三个上价格，我跟你们都说好，直播间价格多少钱，我们直接就打包给你发掉。你把我们成本扣掉，所有卖的钱都是你的，都是抽号来定，我们今天第一个上谁的直播，最后一个上的指标不是这么去做。,98.58,Positive
书记稿.txt,宁夏银川保南村,书记,也想过，就是我们前后期有做这种做得比较好的，联系了一个，也不是一个，联系了几个，一个是做我们宁夏枸杞的，这个直播还有一个是做我们宁夏杂粮的，还有那个干果的，我们都跟他谈了。人家说是我们后面背景做的第一书记，人家来不好，确实不好弄，我们后面也做的是其他特色，想着让他们来直接在我们直播间就借给你用，你用把我们的农特产品带上，我们也不收钱。,99.31,Positive
书记稿.txt,宁夏银川保南村,书记,所以说是谈了几个，谈了几个，反正现在还正在聊这个事情。,99.74,Positive
书记稿.txt,宁夏银川保南村,书记,你说到点子上，我们这个培训已经进行了两期，已经有培训已经进行了两期，我们第一期是给我们保南村的村民。保南村的村民去做了一场电商直播的一个培训，教他们怎么去开播，怎么去上小黄车，上链接，然后怎么去讲我们直播间的话术，怎么去讲，不要有违规词出现封账号的这种情况，做了一期，还有我们金贵的妇联执委。妇联支委，我们全镇30多人，妇联支委在我们的直播间做了一场妇联支委的直播培训的，当时也是我们请的。,99.9,Positive
书记稿.txt,宁夏银川保南村,书记,还有那一家人也是搞直播的那个小姑娘，然后我们叫了几个做直播的企业，做得比较好的人，然后过来给我们做了一场我们全镇的妇联支委这个直播的一个培训，我们已经搞了两期。,98.97,Positive
书记稿.txt,宁夏银川保南村,书记,那效果肯定特别好，我们当时还进行了一个比赛嘛，就直播培训的一个直播的一个比赛，就是我们直播的过程中，你就去播，你就去播，我们当时以点赞数进直播间人数，关注人数，比如说有送礼物的，我们把这些综合起来评了个123等奖，我们当时做了一个比赛，然后都是让他们现场去直播，我们现场去，这样能理解对直播完之后，我们好多人都是在家里面，他们自己去试着去播去，在田里头。,99.82,Positive
书记稿.txt,宁夏银川保南村,书记,比如他铲菜着呢，他就把直播间开边说话边查，有的他正在种菜，正在浇水，有的时候他也把直播间开，就在这些介绍他种的这些东西，他们也在播，我们有时候刷直播间，有时候好多人都能看到我们本店。我们村民都在。,99.7,Positive
书记稿.txt,宁夏银川保南村,书记,还有我们能歌善舞的这些人，他们自己去做，比如说唱歌，跳个舞，他们都自己在做。,19.57,Negative
书记稿.txt,宁夏银川保南村,书记,有好多自己回去都在尝试自己直播。,94.9,Positive
书记稿.txt,宁夏银川保南村,书记,数字人他们暂时接触不了。,5.51,Negative
书记稿.txt,宁夏银川保南村,书记,太难了，而且一个是技术这一块的，因为一个是运营，他们不会，因为后期技术指导，他们没有，所以说给他们去上数字人的话就有困难，因为这个ai数字人他用的是一套软件，软件特别贵。特别贵，而且都是付费的，他们可能用起来成本就太高了，不会用，所以没办法给他们去推广，因为这个ai数字人也是近几年才兴起的一个东西，所以说一个是价格高，成本高，技术要求比较高，不会操作。所以说就没给他们去推广这些事情。,18.36,Negative
书记稿.txt,宁夏银川保南村,书记,我们在直播间培训的时候，倒是给他们说，也特别感兴趣。,99.57,Positive
书记稿.txt,宁夏银川保南村,书记,可以，这个东西就是我刚说的一个软件和技术的一个方面，他把账号给你开，给你开通免费权限，你就用去就行了，他是前期通过就跟我们这样聊天，给你录一个视频，然后他总部回去就给你做。比如说背景给你做成什么，比如说我直播间的。,99.34,Positive
书记稿.txt,宁夏银川保南村,书记,可以做成第一直播间，我往背景一取，你往后头一做就做成这个数字人的这个形象，我们直接就去开播就去用。但是这是一个后台的一个整个的一个操作，不是说他给他弄一个，他就能去用，你给他带啥商品呢？你给他弄啥东西呢？,12.06,Negative
书记稿.txt,宁夏银川保南村,书记,后头他怎么去操作？怎么去用呢？他都不知道。所以说我们到村民这一块他就很不好操作，就很不好。,0.5,Negative
书记稿.txt,宁夏银川保南村,书记,那对于说你说刚残疾人那一块确实也好，我有现成的东西，我有现成的卖的东西，现成的场景我给你录好了，你直接用你的账号去弄去。但是到农民这一块他可能就不一定，我能弄啥，我能卖啥，我能带啥。,15.21,Negative
书记稿.txt,宁夏银川保南村,书记,对，不用真人露脸，录好之后数字人，他直接就在那里。,99.16,Positive
书记稿.txt,宁夏银川保南村,书记,如果是他们自己开发的这些，比如说有数字人公司，他们就管的特别严格，但是你到正常其他的情况下，用别人的数字人的时候，他就卡的特别严。,20.69,Negative
书记稿.txt,宁夏银川保南村,书记,快手的那个，我们之前也问了快手，一个是保证金，这个平台资质审核比较严。,86.1,Positive
书记稿.txt,宁夏银川保南村,书记,我们到时候后头再联系也可以跟他们联系一下，包括抖音官方网站联系一下，看看我们助农一点。,96.74,Positive
书记稿.txt,宁夏银川保南村,书记,有特别明显流量扶持这一块特别大，比如说我以个人号，我每次发账号我有三个账号，个人的一个账号，助农直播间一个账号，助农企业店一个账号，三个账号我都发。但是我个人账号的浏览量就特别少，但是每次我助农直播间的那两个，还有旗舰店那两个直播浏览量就特别高，都是两千三千这样的浏览量，但是我个人就是几百，特别明显。,98.89,Positive
书记稿.txt,宁夏银川保南村,书记,我也不知道他们怎么弄，反正就是我个人这个账号就没有我那个助农直播间那个账号，他那个浏览量大，他可能有。比如说我们在直播的时候，直播的时候他也有流量扶持你，从直播间数据就能看出来，这个是通过流量扶持计划进入到我这，进入到我的直播间，他就看得特别明显。流量扶持计划它直接上面就显示我的直播间来的人是通过流量扶持计划引入直播间的。,98.56,Positive
书记稿.txt,宁夏银川保南村,书记,数字人我没见到有。,22.51,Negative
书记稿.txt,宁夏银川保南村,书记,是因为我们前期也比较着急。年前就做啥数字人做录数字人录我们第一书记形象的时候就是啥摄像机可能不太好，录出来像素不够，所以做出来那个数字人可能就感觉有点能看出来。,23.73,Negative
书记稿.txt,宁夏银川保南村,书记,那为后头本来我们计划是重新录。结果又因为这个啥事被咱耽误了，但我人家是想着让我们去啥摄影，专门做摄影，做拍照的。,99.4,Positive
书记稿.txt,宁夏银川保南村,书记,对照相馆，然后用人家摄像机高清能拍出来，我们去录一个人家去总部，再重新给我们做。然后呢？我们后面就其他事耽误了，就一直没录，也没做，说还是用以前的数字量的，其实明天到时候我联系把那个开，然后你们就能看出来那个其实还是比较明显。,2.85,Negative
书记稿.txt,宁夏银川保南村,书记,我们的直播间就是，这是我们的什么现场直播，我们在走过来看，走过来看那个，也有人会问。,82.35,Positive
书记稿.txt,宁夏银川保南村,书记,就不能承认数字人。,0.94,Negative
书记稿.txt,宁夏银川保南村,书记,他就能说数字人都是我们提前录制好的话术，提前录制好的话术，那就按照我们录制好的，比如说我提前录。然后我再把我的话术输进去，他就根据你的ai数字就直接根据你的声音，就把这个文生成你的语音，就以你的音色音量去播去了，都是我们提前准备好的话术输进去，然后再生成的。,99.12,Positive
书记稿.txt,宁夏银川保南村,书记,咱们也有自动回复的内容，都是确定好的，有人问什么价格了，直接就回复人家价格是多少。,99.41,Positive
书记稿.txt,宁夏银川保南村,书记,都是提前设定好的。,4.43,Negative
书记稿.txt,宁夏银川保南村,书记,我们直播的那个就不用管了，你就后台留一个人看着点，有啥？比如说出货呢，还是卖货呢？这个啥提前我们现在挂小黄车，挂链接，不用我们去操作。,97.7,Positive
书记稿.txt,宁夏银川保南村,书记,我们链接上去之后卖完之后直接就返到商家了，商家那边就会看到我们的销售，看到我们的订单。,99.93,Positive
书记稿.txt,宁夏银川保南村,书记,看着点就行，也不用啥具体的操作。,98.07,Positive
书记稿.txt,宁夏银川保南村,书记,比如说我们第一书记一直说普通话，他也不说当地方言，如果其实有这种当地方言，这个其实也挺好的，在我们直播间说这个，但是我们直播间一直用的是介绍我们村商贸民俗，风化，民俗，文化这块也有介绍我们的直播间。第一书记，我们没有做这些，但是我们其他的，他会做这些带有我们当地民俗文化，还有做这些，就是有这种本土语言的，做这种负责人，也有，他们也有这个。,99.87,Positive
书记稿.txt,宁夏银川保南村,书记,就田间地头我们会就像聊天一样嘛，你直播间就是那样，就像我们聊天一样，我们今天来哪，来到哪了，干啥了，然后聪民咋回事，就像聊天一样。说说土话，也有我们村民做直播的时候，我们村民就有说那个方言的，是吧？这些我们都介绍，就像直播间就跟我们这聊天一样，其实也跟我们聊天一样，做直播的都是一样。,99.21,Positive
书记稿.txt,宁夏银川保南村,书记,你说使用我们ai数字人有呀，我们肯定要用，包括后头，我们做好了。如果那个资金这一块有着落的话，我们能把押金全给他交上，完了之后我们就想着数字人，我们这块继续再用。,99.83,Positive
书记稿.txt,宁夏银川保南村,书记,就在这我们不用人管，是我们就留着一看，不要出问题就行了，很省心很省事。直播间快速回复。包括我们直播间的人员的问答，那个话题，话术都说好，什么都不用管了，就不用操心了，就等于说你就是过去了，你就不管了，这是最好的一个，最简便的一个方式，其实挺好的。,99.97,Positive
书记稿.txt,宁夏银川保南村,书记,我们去年银河从是做的那个青萝卜滞销了以后，我们银河村电商就把我们整个滞销青萝卜，包括裂果全部都卖掉。,95.81,Positive
书记稿.txt,宁夏银川保南村,书记,不用，相当于我们还是一个，我们全县，我们第一个做，第一个做ai数字人直播。,96.9,Positive
书记稿.txt,宁夏银川保南村,书记,对，有合作。,98.93,Positive
书记稿.txt,宁夏银川保南村,书记,我们给他们带他们的厂子生产的这些产品，我们跟他有合作，完了之后他们把产品拿过来。,99.49,Positive
书记稿.txt,宁夏银川保南村,书记,这个倒没有，那人家做人家的，我们做我们的，我们自己说合作起来。其实我刚才给他说的有一个的介绍，我们就想着那个电商这块，如果后期他们全部弄好之后，我们跟他们，因为他们这块电商做得特别好，特别成熟，再不用走其他的什么捷径了，什么乱七八糟的。我们跟他们成立一个电商联盟，把我们周边的企业搞电商的这些人，就是我们村民有意愿搞直播电商带货的这些人，我们把电商联盟成立起来，你都来，所有的你都过来，你的企业你也过来。,99.93,Positive
书记稿.txt,宁夏银川保南村,书记,我们电商基地，电商联盟成立以后，你们全部都过来，在我们这，你想搞培训先，你想搞直播先，你搞想搞带货先，我们都给你提供平台，我们免费培训，你们全部都来就行，就我们后期的一个计划，现在还没弄，还没实施。,99.94,Positive
书记稿.txt,宁夏银川保南村,书记,这是我们前期已经做好计划，做好规划。,99.33,Positive
书记稿.txt,宁夏银川保南村,书记,我们前期市上有一个党建引领项目表是报了。但是可能还在审核当中，党建引领乡村振兴的一个党建项目，那么第一数据，我们以第一数据助农直播间引领乡村振兴，产业发展的这么一个课题，也去给市上组织部报了一个这项党建项目吧，算是可能如果能报下来的话，可能还有点资金支持，我们可能后面还会把我们的直播间。包括我们的技术，包括我们的后期运营这块，可能再加强一下。,99.93,Positive
书记稿.txt,宁夏银川保南村,书记,对党建这一块引领，这块肯定是必须的，前提。,96.74,Positive
书记稿.txt,宁夏银川保南村,书记,因为今年可能是你们不太了解经济形势，一个是大环境可能不太好，反而一个政府这块已经压缩经费，包括办公经费这块压缩得很厉害。所以说政府支持可能一部分能，有一点可能从其他渠道还能有一部分支持。,99.37,Positive
书记稿.txt,宁夏银川保南村,书记,咱们的话术是我们是请教请教的，因为我们有现成的这些直播的资源，我们都是去直播间，什么话能说要注意什么事项。比如说我们商品说不能有什么功能，这些都是我们前期去咨询的根据，就我们那个啥，这个电商直播的，我们这个光伏基地那个，还有我们其他朋友搞啥搞电商直播的，我们都去问。都去咨询，都去请教，什么话能说，什么不能说，都是他们现场来跟我们说。,98.06,Positive
书记稿.txt,宁夏银川保南村,书记,包括第一场直播，我们开的时候把滩羊娃他们的人弄过来，把塞上一家人都弄过来，把我们的朋友搞电商直播的，他们都叫过来，现场给我们看，哪能说哪能注意的哪干啥的，不对的，都把现场都给我们去教现场说。,98.31,Positive
书记稿.txt,宁夏银川保南村,书记,到处问，就是到处问，到处说，到处这都是通过个人关系请过来的，不容易。,0.34,Negative
书记稿.txt,宁夏银川保南村,书记,我们现在干这些全都是，包括我们这个ai数字人，都是凭我们驻从第一书记，还有我们出去跑资源，跑人脉，都是我们自己的关系。拿出来我们自己建，没有依靠，说是我们村上，还有我们镇上，没有依靠，全都是我们自己去考的。,2.21,Negative
书记稿.txt,宁夏银川保南村,书记,要不然我回来干啥？我就是想回来可能就是本来这两年冲上这种情况也不好，农民这块收入也是因为我老爹老妈就在这，我知道他们种菜这块有多辛苦，赚不到钱，所以想着就回来能干点事。我们把这块一个是我们村上的产业能发展二一个把我们全村就是你们种菜嘛，那就是一个销路，我们把销路能拓宽，我们不光是做了这个电商这一块。,99.88,Positive
书记稿.txt,宁夏银川保南村,书记,我们前期还做了大量的工作，工作包括我们银川市的供应链公司，还有我们线上配送的一些公司，我们现在都已经对接了，包括你们来之前，上周六我们还有一个银川市供应链公司的，我们联系他们那个老总。正好之前都认识，聊到这了之后邀请他们过来，在我们村周边，包括我们村都挨着转了转，我们蔬菜种植基地，我们旁边的银河村将近有2000多栋大棚嘛，他们都是种蔬菜，我们所以说跟他们联系了。,99.96,Positive
书记稿.txt,宁夏银川保南村,书记,我们都带着过来看了看我们，包括我们有什么菜，有什么供应的，技能有啥给你们提供的，包括我跟他提出，我说您这么大供应量，那我们给你种吗？我们有500多亩地，你需要啥我给你种啥，我们直供，我们做个蔬菜基地。他说那也可以，到时候我们后面再谈，反正带着看完之后我们都跟他聊了，包括我们在我们村集体建立这个蔬菜基地。,99.86,Positive
书记稿.txt,宁夏银川保南村,书记,一也不只是对应他们，不只是邀请他们一家，我们还邀请的还有对接了好几家。类似于这种不是配送公司这种，我们想着后期把我们整个保南村建立成辐射动力基地。建立成这种基地，我们供应上来，你需要啥我给你种啥，我们给你提供。只要你把不把我们的菜给我们扔了就行，你给我们卖掉，就这么一个要求。,98.99,Positive
书记稿.txt,宁夏银川保南村,书记,前期已经对接了好多工作，所以说就是回来就你刚说的那个情感。也不能说一下子把所有的事情都干完了，因为前期我们还招了一个我们浙江的，一个养南美白对虾，还有高端食用菌的养虾，养菌，高端食用菌就是你们可能羊肚菌是一方面，那都是比较低端的。,99.82,Positive
书记稿.txt,宁夏银川保南村,书记,还有其他高端的一些食用菌，我们当时联系了一个把我们旁边那些地也看了，也落了，也谈了，可能是也是因为我刚来时间不久，各方面原因没落成，就落到其他地方去，落到我们通昌村落到那边去了。报到那边投资项目下来将近7000多万，占地200多亩，人家全部都打室内的那种玻璃门市，玻璃门棚才能够供给到高端养殖和种植产业各方面，原因可能是我也比较着急，所以就没落成，没落成，我们后面再想办法。,99.64,Positive
书记稿.txt,宁夏银川保南村,书记,想办法通过，所以说是整个想着回来能把我们保南村的产业呢，放大一下。,99.56,Positive
书记稿.txt,宁夏银川保南村,书记,给村集体这块不好说。,19.71,Negative
书记稿.txt,宁夏银川保南村,书记,村里这块不好说得给他们，因为现在我们现在正在想着跟村集体收入怎么能挂上钩，因为前期都是我们自己去投入做这个事情，收入这一块咋给村集体呢，提升进到账上。然后他们又跟我们就是怎么说呢？怎么去把这个衔接上？,8.27,Negative
书记稿.txt,宁夏银川保南村,书记,因为村集体收入这一块你必须有投入，然后你才能有收入，收入必须要进到我们村委会里头，然后你供货里头再往出，你还得有正规的名义。,76.26,Positive
书记稿.txt,宁夏银川保南村,书记,审批，所以这一块想着支出，输入这块，我们怎么想个办法能把它融入进来，要么你就以投资的形式建立直播间，然后去分红收益，要不然就你直播间直接往村集体入账。,19.06,Negative
书记稿.txt,宁夏银川保南村,书记,你要说我们后期发展好了一年，给村集体带个十几20万的收入。应该问题不大。,99.69,Positive
书记稿.txt,宁夏银川保南村,书记,我们如果是村级的收入多了，跟我们合作社说明可能有个分红，但是我们现在是几乎是负的。几乎是负的，现在没办法分。,0.16,Negative
书记稿.txt,宁夏银川保南村,书记,我们不管，我们不管。,5.83,Negative
书记稿.txt,宁夏银川保南村,书记,有需要就给他打电话，远程操作，现在不用人过来，除了他们刚开始给我们做那个数字人分身的时候。他们过来都弄好电脑，装好软件，装好负责人给我们弄来了一个星期吧，之后后头有啥技术上面的问题，我们直接就电话远程。,99.45,Positive
直播稿.txt,宁夏银川保南村,主播1,柠檬小番茄的种植，种植技术和种植经验的很少，同时呢，他对这个柠檬小番茄的产值还有最后的利润，大家都持观望态度。所以说今年呢，我们为了完成这个订单，也是在金汇全镇为外来农业寻找合作伙伴，那么今年也是成功，我们种了300，完成300亩的种植面积的这样一个试验任务吧。我们江南村种的最多有100亩，然后银河村种了有50多亩，连新村还中标了一户一部分，还有江南村也种一部分，所以说今年大概完成可能300多亩这个项目。,99.84,Positive
直播稿.txt,宁夏银川保南村,主播1,在当然这个项目呢，主播引进的时候呢，也是很担心，我们希望就说引进这个项目，引进这个产业，最终的目的呢，就是助农，促农，帮农，富农，能不能达到这样一个目的呢？我们大家一直都在拭目以待。作为我是这个产业的引进人，也一直在关注这个玲珑小番茄的这个长势，还有它的这个产量，目前来看，我们从这个从的小番茄的长势来看，刚才杨叔已经给大家做了一个介绍，现在我们第一盘已经红了，已经红了。,99.96,Positive
直播稿.txt,宁夏银川保南村,主播1,准备红上可以采摘了，一共可以长几盘。,99.27,Positive
直播稿.txt,宁夏银川保南村,主播2,涨到七盘。,85.71,Positive
直播稿.txt,宁夏银川保南村,主播1,我们就可以涨七盘。当时我们引进的外来农业的王总呢，优惠政策呢，当时苗子都是赊给大家的苗款呢，都是外来公司，杨总他们是垫付的，然后呢，他们也是免费配备了这个技术人员是吧，专门上门来免费的机者。,99.73,Positive
直播稿.txt,宁夏银川保南村,主播2,每天都过来。,99.27,Positive
直播稿.txt,宁夏银川保南村,主播1,每天都过来是吧，然后肥料呢，也是他们给推荐的提供的，他们很掌握，很专业的这种肥料，我很掌握这门技术了，可以，所以说今天来看到这个杨书记，你这个大堂里面这个讲师我还是比较放心的。,99.96,Positive
直播稿.txt,宁夏银川保南村,主播1,那么我想算个账。杨书记，您是行家里手，种植方面还是您给我们算一个账，今年您这一栋大棚，比如咱们现在这是一亩二分地，咱今天以我们现在的这块大棚来看，您算一下这个账。这一米52分大棚今年大概产量能有多少？,99.52,Positive
直播稿.txt,宁夏银川保南村,主播1,按照目前涨势来说。,99.66,Positive
直播稿.txt,宁夏银川保南村,主播2,按这个产量，目前这个涨势，如果这全部就说能够成熟的话，应该就在1万斤。,95.45,Positive
直播稿.txt,宁夏银川保南村,主播1,可以达到1万斤这一个产量。,90.55,Positive
直播稿.txt,宁夏银川保南村,主播2,他是八千，都是1万斤。,0.11,Negative
直播稿.txt,宁夏银川保南村,主播1,那么如果说我们按1万斤来算的话，我知道当时我们外来农业跟我们签的合同是三块五的保价收购嘛。,95.89,Positive
直播稿.txt,宁夏银川保南村,主播1,那我们就别说三块五来算，三块钱算，这栋就是3万吧。,12.03,Negative
直播稿.txt,宁夏银川保南村,主播2,3万块钱。,8.45,Negative
直播稿.txt,宁夏银川保南村,主播1,就说是我们卖，可以卖到3万块钱的收入。那么您给我算一下这个成本大概能干掉多少？,10.79,Negative
直播稿.txt,宁夏银川保南村,主播2,这个成本应该你占一半。,82.14,Positive
直播稿.txt,宁夏银川保南村,主播1,1万五的最高吗？我觉得应该要高出来，因为当时在招这个项目进来的时候。我算过一笔账，当时我们算目是亩产按1万斤来算，按三块钱，我们就是按3万块钱的利率收入，然后呢农药这块能差到多少？,3.64,Negative
直播稿.txt,宁夏银川保南村,主播2,农药这块，总共因为我们前期已经跟他有把这个算出来了。一万。,82.82,Positive
直播稿.txt,宁夏银川保南村,主播1,就说您是把所有的成本，包括人工，包括摘西红柿的人工，因为我知道这个种这个小番茄成本最多的。,9.99,Negative
直播稿.txt,宁夏银川保南村,主播1,当时我记得我们把小番茄的人工费是算的是一斤一块钱，我们是这么给算出来，剩下的就是农药，化肥，施肥的费用，就说你们把这些成本都算在内了吗？,2.0,Negative
直播稿.txt,宁夏银川保南村,主播2,我都算在内了，都算在内了。,23.94,Negative
直播稿.txt,宁夏银川保南村,主播2,可以达到1万五一万五左右。,92.97,Positive
直播稿.txt,宁夏银川保南村,主播1,您觉得1万五应该是能保证吧？,21.45,Negative
直播稿.txt,宁夏银川保南村,主播2,从现在就去看一下就行，我反正有信心。,98.03,Positive
直播稿.txt,宁夏银川保南村,主播1,有信心的。您再给我们算个账，我们大地那90亩现在长势咋样？,98.52,Positive
直播稿.txt,宁夏银川保南村,主播2,当时因为是这个种早一些，到现在应该是第二轮，咱们从目前展示一下看，因为他大地的他延续的时间比较长。可能要延续到十月底才到，那时候这个产量相对低点。,98.33,Positive
直播稿.txt,宁夏银川保南村,主播1,就说大地的采摘期长，但是大地的这个产量，亩产量。,20.48,Negative
直播稿.txt,宁夏银川保南村,主播2,但是他首先点化不用十万块，你还必须得简化，可以简化。,23.33,Negative
直播稿.txt,宁夏银川保南村,主播1,那您有没有算过这个？预计一下咱们一亩大地大概的利润是多少？除掉人工化肥，大地还要加竹竿吗？,79.02,Positive
直播稿.txt,宁夏银川保南村,主播2,是那里埋竹竿的。,2.89,Negative
直播稿.txt,宁夏银川保南村,主播1,我们棚里还吊线了，他会省一笔钱。,23.24,Negative
直播稿.txt,宁夏银川保南村,主播2,这个大地的肯定是相对于这块，因为是直端的成本。它的产量肯定低于大棚的。不过它的周期采摘期比较长。,98.79,Positive
直播稿.txt,宁夏银川保南村,主播1,比如像大棚采摘到几月份。,83.5,Positive
直播稿.txt,宁夏银川保南村,主播2,大棚，也就是最多。八月底，八月底就没果子了。但是大地,23.66,Negative
直播稿.txt,宁夏银川保南村,主播2,我们的小玲珑是无限生长期，如果你可以价格好的话。,94.05,Positive
直播稿.txt,宁夏银川保南村,主播2,如果他要是价格好的话，我们继续把它一样放下来。,94.67,Positive
直播稿.txt,宁夏银川保南村,主播2,以后它可以还可以继续再生长，再开花，它是无限生长。,97.9,Positive
直播稿.txt,宁夏银川保南村,主播1,是这样的，也就是说我们今年其实呢，也是在江南村，就是做了一个。,99.17,Positive
直播稿.txt,宁夏银川保南村,主播1,您是最大的种植户。,96.1,Positive
直播稿.txt,宁夏银川保南村,主播1,做一个对比吧。那么如果按我们现在的这个产量来说的话，大地的西红柿是今年的收成，应该是没有。,15.18,Negative
直播稿.txt,宁夏银川保南村,主播2,就应该，保证保证，1万块钱。,82.9,Positive
直播稿.txt,宁夏银川保南村,主播2,对，没有达到。,2.35,Negative
直播稿.txt,宁夏银川保南村,主播1,因为我们是保底价，也不存在销量的问题。,99.44,Positive
直播稿.txt,宁夏银川保南村,主播2,对。但是为啥要我们种，就因为有一个保底的订单，我这个村因为啥也是湿地村嘛，也是个老移民村。村集体的初衷，在家门口种植发展这些产业，就是把剩余劳动力年龄比较大的身体条件不允许外出的，本村地不多，我们现在村上有这个村头工厂，那么包括我们这个温棚。我们现在为了更多地解决我们的剩余劳动力，让村民有更多的收益，在家门口就能就业。,99.73,Positive
直播稿.txt,宁夏银川保南村,主播1,对，其实是我们现在不管是乡村振兴也好，还是国家脱贫攻坚的要求也好，最后的落脚点呢。,99.36,Positive
直播稿.txt,宁夏银川保南村,主播2,还是就是让农民富起来。,81.92,Positive
直播稿.txt,宁夏银川保南村,主播1,那么怎么让农民富起来？有产业的可以去做，产业没有产业的条件，就像刚才杨书记说的，我们发展一些就近务工，解决一些就近务工人员，那么人员能就近务工的，就像我们今天看到这个小番茄的这个种植，你比如像后期的采摘也好，包括同类的点花也好，这个都可以，就说比如像六七十岁的老人家，只要身体条件允许情况下，他们都可以来务工。那我想问一下杨书记，他们每一天比如来摘小番茄，你们后期准备是按斤来给付务工费，还是按天来付务工费呢？,99.45,Positive
直播稿.txt,宁夏银川保南村,主播2,这段时间这个天天就除草，这个打岔，这些功能我们是按天算一下，一天是140.,0.71,Negative
直播稿.txt,宁夏银川保南村,主播2,咱们这个是过段时间我们到采摘期的时候，就是我们定一个标准，这也是有提高他们的这个劳动积极性，那多劳多得嘛，良好管理。,99.45,Positive
直播稿.txt,宁夏银川保南村,主播1,没事，所以就是说刚才我大致的心里算了一下。如果说按我们预期的目标，现在大地的这90亩也就纯收入，我们都不说纯收入达到90万，加上这十几栋棚，再加上个10万块钱吧，大概我们今年这100亩可以村集体纯纯的收费，村集体入账收入可能就要达到300万。,97.6,Positive
直播稿.txt,宁夏银川保南村,主播2,那我要我的同事去年就有300万，我知道今年应该300万还多。,89.43,Positive
直播稿.txt,宁夏银川保南村,主播1,我就说我们今天，我们先看外来农业，我们引进这个外来农业，仅今年咱们种这100亩和外来农业订单，小番茄甚至是进价什么的。,87.43,Positive
直播稿.txt,宁夏银川保南村,主播1,那杨师傅，今天您这个收入，我方这一项就已经达到了，您去年我记得我们江南村的村集体收入就是300万，今年光这一百亩的产业就达到了300万收入，再加上去年的收入，今年有要突破500万了。,99.97,Positive
直播稿.txt,宁夏银川保南村,主播1,保400万，所以呢，我们也看到了，刚才我们在田里也是算了这么一个账吧，就说一个产业对一个村，对一个镇的影响它有多大，我们仅仅引进了这样一个应该说今年只是一个试验年。开头年，只是保守的，我们今年种了300亩，在各个村，让大家都是做了一些试验，包括我们保南村，当时我们也是，我调整到保南村，当地一数据的时候，这个产业已经都招来了。,99.82,Positive
直播稿.txt,宁夏银川保南村,主播1,当时我就是号召我们保南村大家都来种这个农小番茄，大家都不种，大家都不种，那最后呢，我们村上的副书记于晓东，于书记，他就是带头给大家做一个示范，他呢，把他父母家的棚全部都种上了。我们这个小番茄，于书记，你也给我们说一说你们家的这网红小番茄最近的涨势咋样？和杨叔的比怎么样？,99.04,Positive
直播稿.txt,宁夏银川保南村,书记,我是比杨书记种得迟，我是4月19号的，但是我们其实第一场活动就是你给个镜头吧。我来了，我们种跟你红的程度也差不多，特别的也差不多就能红了，到个月的月底，明天，后天，大后天，周末，其实我们也能摘了，个别的也能摘了，比如说就像现在你红的差不多。可能是我们种的少，我自己种的少，精细化管理的比较好，水肥都是及时的跟上，因为它的果可能稍微大一点，你要稍微壮一点产量，反正我看花是应该也比这个稍微多一点，因为可能我们是管理的比较精细。,99.35,Positive
直播稿.txt,宁夏银川保南村,书记,所以下面这些果的大小呀，颜色，包括今天早晨还给我们村上都揪了点，让他们去尝了尝，感觉他们说是口感也不错，反正是跟你比，这个涨势要稍微矮一点，因为毕竟要少个十来天。,98.3,Positive
直播稿.txt,宁夏银川保南村,主播2,对我们十一号4月11号种。,98.76,Positive
直播稿.txt,宁夏银川保南村,书记,所以说现在我感觉从前期我自己也做了一个，这个算了一下吧，算了一下账，我是按一株，我平均按三斤去算。我种了将近是3400株下来将近一个棚，一共是3400株一个棚，是将近是1100到1200不对，一个棚是这么多，下来产量将近一个朋友就是将近1万斤。我那个棚下来可能有个六分到七分，因为我种的密，我按照人家山东那边的种植的比较密，所以下来将近一个棚的产量就在将近1万斤，那么我们就看后期的它的收购价格，如果说保底价是这样。,97.94,Positive
直播稿.txt,宁夏银川保南村,书记,如果说上面的价格还能更高一个，肯定我们的收入肯定还要更高一些，如果说按一株三斤，我平均按三斤的话，因为现在看这个产量肯定会突破3000，平均按三斤的话，一棚就是将近一万斤，将近1万斤的话。这个产量我们算账是能算得出来，包括因为我们这个人工成本我比较低，我们家父母在管理，我们没有雇人，收入肯定是更可观，村集体这一块种的话，肯定成果是更好，现在算了算，纯收入的话。,99.71,Positive
直播稿.txt,宁夏银川保南村,主播2,比如说就说这个我明白，因为个人种的就是肯定就是最大力化，应该把自己的工就不算了。,79.74,Positive
直播稿.txt,宁夏银川保南村,书记,自己干了。,0.69,Negative
直播稿.txt,宁夏银川保南村,主播2,但是我这工我算老百姓挣的，我平常挣的钱就这样。我不挣钱，他也赚不到，他钱是哪来的？还是我卖的产品的价钱是不是这个我能赚1万，8000让利老百姓，我落2000都行，落1000也算，这是我的产品，卖出去了是价格。,0.31,Negative
直播稿.txt,宁夏银川保南村,主播1,所以我们刚才算的这个账。只是仅仅算的是村集体的纯收入，一亩可以达到1万块钱，实际上呢，那么村集体还有两万块钱付出的呢，还有村民们在这个地里，他们挣的钱我们都没有算，村民他来打工也好，他来摘西红柿也好，那么这部分呢。又让利给了村民，村民又有了收入，让他们也富了起来，腰包也鼓了起来。,99.9,Positive
直播稿.txt,宁夏银川保南村,主播1,其实这也就是我们这些年搞这个脱贫攻坚和乡村振兴有效衔接，我们的目的，我们的初衷，也是通过产业来带动大家致富，通过产业不仅让村集体有收入，同时呢，还要带动让村民富起。是吧？也就是说有时候也许我们村集体会搞一些产业，可能村集体不挣钱，但是村民他在这上面挣了钱，这也是我们的目的，我想在这方面杨书记的心得就很多了，那您给我们介绍一下，那么现在我们这个江南村。,99.97,Positive
直播稿.txt,宁夏银川保南村,主播1,除了我们这个小番茄，这个产业还有什么产业？,90.54,Positive
直播稿.txt,宁夏银川保南村,主播2,我们是还有就我们的传统工厂，还有工厂，我们的车间，我们的黄河玉米村，这些产业也带动我们这个村里就近在家门口，这样复工就业。就是这两年就说这个产业的进度是最大化的，让我们的村民这是这种得到的实惠，这是乡村振兴的，这是一个最好的体现。,99.98,Positive
直播稿.txt,宁夏银川保南村,主播1,对，所以我们就说乡村振兴，首先呢，我们提的就是产业，产业带动的所有产业呢，可以说它是一个领头羊，我们只要有产业能落地，我们只要让村民能够和我们这个产业进行链接，所以说它富起来。我觉得只是一个时间问题。我在这去听，先是在我们金构建的银河村，然后呢，去年年底呢，我又到了我们保南村，在这几年乡村工作当中，我发现一个问题，一个村强与富，看产业，你去比较去，只要就说这个村的村集体的收入高，它必定有。,99.97,Positive
直播稿.txt,宁夏银川保南村,主播1,它必定有好产业，而且它不仅一个产业，而且不是一个产业，它的产业是多样化的，它有服务业，有种植业，甚至有的是有加工业，有养殖业，那这个也让我想起来。去年我们给银河村引进的富宁天香枸杞芽菜，枸杞芽茶产业，那么产业今年带动效应一下子就发挥出来了，可能杨书记你也知道枸杞芽茶的车间呢，是落在了我们金贵镇的银河村。,99.94,Positive
直播稿.txt,宁夏银川保南村,主播1,但是这个张总他需要500亩的芽茶的种植基地，最后呢，我们通过郑领导的多方努力协调，那就把这个种植基地设在了我们金贵镇的通昌村，那么今年呢，据我所知，上个月我们这个芽茶芽菜基地上在扦插这个苗子。每天地上光这350亩的种植基地上扦插苗子就撒下去。100多号人，每天都有100多号，在他工地上务工的，那么这些人的工资，他们的他们都是现结的，同时这几天我们富宁天香的车间里在炒枸杞芽芽茶，每天的务工人员也达到了五六十号人，据去年我跟张总也聊。,99.73,Positive
直播稿.txt,宁夏银川保南村,主播1,我说那你这么多这个工作人员能挣多少钱，张总也很骄傲地告诉我说，我们这个车间你看那个做八宝茶包装女工风不吹日不晒，我还冬天都给买的这个空气能的暖气，每个月我们按计件工资走。就手快都可以挣到四五千块钱，我说现在一个农民工，你说他如果在家门口务工就业，又没有交通费，又没有产生食宿费，孩子也照顾了，老人也照顾了，家也照顾了，一天八小时的班。能够一月拿到四五千块钱的纯纯的工资收入，感觉对他们来说就是觉得真的是很好，很方便，两不误，我钱也挣了，我家也不耽误了，有时候田里面的小麦所谓的抽出时间来干。,99.96,Positive
直播稿.txt,宁夏银川保南村,主播1,所以说这就是我们看到了一个产业从去年到今年，我们引进这个产业，对金贵镇的带动作用，包括你像务工就业，咱们就不说了，那么还有我们电商也进入了我们的金贵镇，以及包括去年我们银河村。我就知道我们的那个螺丝菜，可能这羊柿子你也知道，今年螺丝菜价格不好，而且收成也不好，螺丝菜也滞销，今年雨水太多了，结果我们村集也发愁，菜不等人，菜已经长出来了，拉出来了，卖的价格，市场售购价格非常低。,99.86,Positive
直播稿.txt,宁夏银川保南村,主播1,后来呢，通过我们这个张总，因为他还做电商，我们森林天下这个企业，通过他的电商，不仅把我们村集体的螺丝菜卖掉以后还不够卖，又从外面又调了一些螺丝菜来卖，同时呢，就是把我们村民种植红心萝卜，还有莲花菜。还有这个紫甘蓝，都通过它网上都卖得很好，包括他这个电商平台，去年还从龙德调来一些土豆，荔枝，土豆的卖特别好，所以说我们也看到了，引进一个产业，引进一个企业，切切实实我们眼睛看得到的，对老百姓的帮助。,99.97,Positive
直播稿.txt,宁夏银川保南村,主播1,对我们这个农业的帮助，同时我们这个农业的发展离不开企业在前面开路，但是同时企业的发展也离不开我们农业给企业做强大的后盾。所以说今天来看，看了杨书记棚里面这长势是非常喜人的，我也是觉得心放了一半儿，你作为我们把这个企业引进来，产业引进来，希望是双方受益，双方获利，大家都能够发展。所以说杨书记呢，也是在全镇来说种得最多，也今年也是给大家起了一个很好的示范带头作用，我们也知道示范带头作用是不好起的，他呢，是担当了，有担当的人，同时他还有要担一些风险的。,99.97,Positive
直播稿.txt,宁夏银川保南村,主播1,你想给老百姓要有一个交代，给村民要有一个交代，给村集体要有一个交代，同时给上级领导给我们的产业振兴都要有一个交代，我也知道您呢，确实是您是一个干实事的人，所以说在您的带领下。江南村这些年的村市体收入应该是金贵镇的第一吧，去年的300万是我们金贵镇是占在第一位的，主要是我想今年的您应该是稳稳的，还是排第一位的。,99.92,Positive
直播稿.txt,宁夏银川保南村,主播2,我想着就是反正是顺其自然经济壮大了。,98.13,Positive
直播稿.txt,宁夏银川保南村,主播1,肯定是最聪明。,95.71,Positive
直播稿.txt,宁夏银川保南村,主播2,各项事业干起来都比较顺畅，而且矛盾就是我们解决的。,99.93,Positive
直播稿.txt,宁夏银川保南村,主播1,对，这都是相辅相成的。有时候就说经济到位了，很多矛盾也就迎刃而解了。再一个呢，农民富了，村民有些矛盾，他就没了。,99.54,Positive
直播稿.txt,宁夏银川保南村,主播2,他就没那么多，但是眼界也开一会，思想也就开放。,98.18,Positive
直播稿.txt,宁夏银川保南村,主播1,包括你像我们说这些年乡村振兴提出的让农业农村美，农民富。那么我一直在想农业强，当然我们指的就是我们把产业引进来，农业的产业发展壮大，那么让这个农村美，农民富，他不就美了吗？,99.95,Positive
直播稿.txt,宁夏银川保南村,主播2,我觉得他最终落脚点在农民富上。,97.28,Positive
直播稿.txt,宁夏银川保南村,主播1,就落到了农民富上，农民一富。什么问题都迎刃而解，他也想把他的小庭院收拾得漂漂亮亮的。所以呢，今天呢，我们也是很高兴，也希望今年我们这个小玲珑，小番茄这个产业能够在我们这个金贵镇能够有一个好的收成，同时呢，也更有一个好的收益。,99.93,Positive
直播稿.txt,宁夏银川保南村,主播1,今年呢，我们就看看杨书记您的带头作用。那么我想今年外来农业玲珑，小番茄的订单能够有一个好的开始，希望就是明年在前一阵子，我跟这个外来农业的王总也聊过，他希望呢，明年能达到1000亩，到2000亩就说这个订单他都是能吃得下的，这个上面有订单，他在外面有销路，同时它可以把全国各大销售商，经销商，收购商他还可以引来，那么我也希望就是通过今年杨叔叔您示范带头，明年带动更多的村民。,99.9,Positive
直播稿.txt,宁夏银川保南村,主播1,更多的村都来种植我们这个玲珑小番茄把它能够作为我们村提高村集体收入，增加农民收入的一个切入点，一个产业，我们来做，把它呢，做大做强。同时也希望外来农业能够在我们乡村振兴的行业中能够发展壮大。那下面说了就是我们小余书记摘了几个我们头茬的来这抽查的小玲珑，他们是很喜人，这个颜色行，那就我们今天就来品尝一下，大家可以下去自己摘一下。,99.87,Positive
直播稿.txt,宁夏银川保南村,主播2,自己摘一下，尝尝看看这块就有来你往里面走。,99.84,Positive
直播稿.txt,宁夏银川保南村,主播1,王总也是对您这一点是他是非常信任您，他就说是我们主要今天说的是杨书记。,99.67,Positive
直播稿.txt,宁夏银川保南村,主播2,人家说都配合得很好。,91.31,Positive
直播稿.txt,宁夏银川保南村,主播1,配合很好，所以说他对跟您合作充满了信心。,99.27,Positive
直播稿.txt,宁夏银川保南村,主播2,就是我也喜欢这样合作。,99.33,Positive
直播稿.txt,宁夏银川保南村,主播1,他也希望说明年江南村能再多种一些，我也放心。,99.71,Positive
直播稿.txt,宁夏银川保南村,主播2,我也喜欢这样的合作，他有诚意，我们肯定得加倍地要。,95.7,Positive
直播稿.txt,宁夏银川保南村,主播1,对，所以我们也希望有一个好的产业，咱能把它留住。,98.71,Positive
直播稿.txt,宁夏银川保南村,主播1,同时把它做大做强。咱们双方都受益。,99.77,Positive
直播稿.txt,宁夏银川保南村,主播2,对我们发展这么多年，不能每年就靠临时的小商小贩来用，最后还是没路可走了，我们把人家引来，我们是种，人家就是销，人家市场。,98.25,Positive
直播稿.txt,宁夏银川保南村,主播1,我们把这个产业一稳住。,98.4,Positive
直播稿.txt,宁夏银川保南村,主播2,我们没有啥后顾之忧的。,88.83,Positive
直播稿.txt,宁夏银川保南村,主播1,我们没有后顾之忧，我们又有订单，又有保底价收购。,99.8,Positive
直播稿.txt,宁夏银川保南村,主播1,也是前段时间我跟也是几个村书记，有时候偶尔坐到一起聊，我说我们以后走的路就是搞订单门店，结合我们现在的实际，我们现在，你看，包括我们最近种的，我们前段时间的香菜，芹菜，还有包括我们最近种的蔬菜都有，就说整个就铲掉了，没有市场。,13.41,Negative
直播稿.txt,宁夏银川保南村,主播2,没有价格。,0.62,Negative
直播稿.txt,宁夏银川保南村,主播1,也是我们想着，就今天看到了。你要说的这棚这个涨势，我也很有信心能够把王总留住，然后呢，能够一年的呢，把这个产业能够做起来，切切实实让这个老百姓真的是从这个上面。,99.98,Positive
直播稿.txt,宁夏银川保南村,主播1,这是我们最大的幸运。,97.58,Positive
农户2.txt,宁夏银川保南村,农户,看那个快手，看快手。,96.84,Positive
农户2.txt,宁夏银川保南村,农户,老婆那行。,90.42,Positive
农户2.txt,宁夏银川保南村,农户,拼多多对拼多多。,92.68,Positive
农户2.txt,宁夏银川保南村,农户,刚开始听晓东说，就说才有这么个。,93.96,Positive
农户2.txt,宁夏银川保南村,农户,这是不多不少。,16.06,Negative
农户2.txt,宁夏银川保南村,农户,六十，六十。,22.06,Negative
农户2.txt,宁夏银川保南村,农户,就是闲余时间就是快手呀，或者刷个抖音。,99.89,Positive
农户2.txt,宁夏银川保南村,农户,因为啥呢？现在好多东西就是我的理解，就是你不介绍别人不知道。书记作为一个年轻一点，就是在这方面知识各方面也比我们这个，接受新鲜事物，他快他也懂得，就是利用现在的手机，就是在你在什么地方都能看到他的传播量大，完成为这个是好事。,99.92,Positive
农户2.txt,宁夏银川保南村,农户,现在可以非常能牵手的这种人。,99.65,Positive
农户2.txt,宁夏银川保南村,农户,咋说呢？还是依靠人家？就是俺们说的就是菜贩子，或者是收购商过来，就是根据市场价格能给我出到多少钱？这种出售的。,1.31,Negative
农户2.txt,宁夏银川保南村,农户,如果说是咱们书记，去年他说来的，他时间不长，那他有这个平台，对。有这方面知识非常愿意，能推销出去更快，可能价格就是还好一点，特别喜欢这种，就是直播直接推销出去的。,99.92,Positive
农户2.txt,宁夏银川保南村,农户,已经从书记那里了解了。,99.22,Positive
农户2.txt,宁夏银川保南村,农户,咱们书记，这是最好的例子。,94.7,Positive
农户2.txt,宁夏银川保南村,农户,肯定好，他首先从这个知名度能推出去。,99.47,Positive
农户2.txt,宁夏银川保南村,农户,让大家能了解咱不能村有钱有拿钱特产，对对对。地理位置或者是各方面，你的这个蔬菜呀，或者就咱们前头说的那个光伏基地，那个牛羊肉类等的，这些都能让大家知道，这确实是好事。,99.87,Positive
农户2.txt,宁夏银川保南村,农户,看过看过。,96.11,Positive
农户2.txt,宁夏银川保南村,农户,那点赞这样子，因为啥？毕竟就说是他，这个毕竟是从农村出去，又回到农村来。在农村这块相对来说比较就说是非常接地气，然后呢，就说是我作为一个农民，特别能接受。,99.71,Positive
